Story ID,Issue,Month,Section,Questions,Story Headline (If published),Story Description or Prompt,Story state,Pitch Date,Expressed Interest,Confirmed Writer(s),Editor,Second Editor,Story Doc,Media,Story Notes,Build Notes
NYC-SP-STR-1,SPS: June 2025,06-2025,Welcome Note,"What is the Sunset Park Sun, and how did 78 neighbors help create it?",Welcome to the Sunset Park Sun!,"The first issue's opening note introduced the bulletin as a monthly publication made by Sunset Park residents, journalists, and librarians, and credited the 78 neighbors who shaped it across ten community meetings at the library since October. It laid out what the team hoped readers would see in it: a way to follow curiosity into questions and action, to build trust between neighbors, and to take pride in the neighborhood.",Answered,,,Terry Parris Jr.,Eliana Miller,Unassigned,,,,
NYC-SP-STR-2,SPS: June 2025,06-2025,Neighborhood News,"When will the Sunset Park Recreation Center reopen, and how can you track a city construction project?",Recreation Center Construction Update,"Working group member Judith C. tracked down a definitive answer from NYC Parks that construction on the Sunset Park Recreation Center would finish in October 2025, revised from the earlier March projection. The story ran with a companion breakdown of the tools she used to get it — the NYC Capital Project Tracker, 311, Community Board 7, and the Parks Department — as a model for how residents can get answers out of the city.",Answered,,,"Judith Chiu, Terry Parris Jr.",Eliana Miller,Unassigned,,,,
NYC-SP-STR-3,SPS: June 2025,06-2025,Community Resources,"What is the Library Newsroom Field Guide, and where can it take you in Sunset Park?",Explore Sunset Park with the Library Newsroom Field Guide,"The team introduced the Library Newsroom Field Guide, a free printed booklet of prompts meant to get neighbors exploring Sunset Park and talking to the people in it. Resident Susan Parker described using it to reach Bush Terminal Park, the Army Terminal ferry, and her first Community Board 7 meeting.",Answered,,,Terry Parris Jr.,Eliana Miller,Unassigned,,,,
NYC-SP-STR-4,SPS: June 2025,06-2025,Neighborhood News,What do you need to know before voting in the June 24 primary?,There’s a Primary Election on June 24. Are You Voting?,"A guide to the June 24 citywide primary explained what a primary is, why the local offices on the ballot matter, and what voters needed to do before election day. It listed the key dates — June 14 registration deadline, early voting June 14 to 22, primary day June 24, and the November 4 general — and pointed readers to a QR-coded rundown of every office and candidate.",Answered,,,Ahdya Attea,Eliana Miller,Unassigned,,,,
NYC-SP-STR-5,SPS: June 2025,06-2025,Neighborhood News,How does ranked choice voting work in New York City elections?,What you need to know about Ranked Choice Voting,"Ahdya A. walked readers through how ranked choice voting works in the city races that use it: mayor, comptroller, public advocate, city council, and borough president. The piece covered the three rules voters most needed — you may rank up to five candidates, you are not required to rank five, and ranking the same candidate twice only counts your first choice.",Answered,,,Ahdya Attea,Eliana Miller,Unassigned,,,,
NYC-SP-STR-6,SPS: June 2025,06-2025,Community Resources,"What are Sunset Park's new residential trash rules, and when do official city bins arrive?",Got Questions About the New Trash Rules?,"Rebecca McCray summarized the residential trash rules that took effect November 12, 2024, requiring buildings with one to nine units to use secure-lidded bins of 55 gallons or smaller, set out after 6 p.m. on collection day. She listed the fine schedule, the most common violations, and the June 2026 switch to required official city bins.",Answered,,,Rebecca McCray,Eliana Miller,Unassigned,,,,
NYC-SP-STR-7,SPS: June 2025,06-2025,Community Resources,"How does composting work in Sunset Park, and where can you drop off food scraps?",…and what about composting?,"Becca Elzinga explained the composting rules that took effect April 1, requiring residents to separate food scraps, yard waste, and food-soiled paper into a DSNY brown bin or a labeled bin of their own. She laid out the alternatives to curbside pickup — orange Smart Bins, green public bins, and three local drop-off sites — and noted that curbside and Smart Bin scraps go to anaerobic codigestion rather than becoming soil.",Answered,,,Becca Elzinga,Eliana Miller,Unassigned,,,,
NYC-SP-STR-8,SPS: June 2025,06-2025,Business Spotlight,What's Behind the Menu at L'Wren?,What’s Behind the Menu… at L’Wren?,"Maureen C. and Carmen R. profiled L'wren, the 5th Avenue bar and restaurant that Travis and Jessica Klaus opened in a former furniture store in 2018. The piece traced its shift from a popcorn-only bar to a Latin-Asian fusion menu after the pandemic, and covered the happy hour, the back events room, and the couple's two-year search for the right location.",Answered,,,"Carmen Rivera, Maureen Cullen",Terry Parris Jr.,Unassigned,,,,
NYC-SP-STR-9,SPS: July 2025,07-2025,Welcome Note,What happened after the first Sunset Park Sun went out?,"While you're reading the big headlines, here are the neighborhood ones","The second issue's opening note thanked neighbors for the response to the first, noting that 300 copies were printed and the stack at the library disappeared within hours. The team framed the bulletin as a space for Sunset Park amid a noisy wider world, and invited readers to send back ideas, questions, and connections.",Answered,,,Terry Parris Jr.,Eliana Miller,Unassigned,,,,
NYC-SP-STR-10,SPS: July 2025,07-2025,Event Spotlight,Think you might be a victim of wage theft? Where can you learn your rights in Sunset Park?,Think You Might Be a Victim of Wage Theft? Come to a Free Session at the Library July 19,"The team previewed a free July 19 wage theft session at the Sunset Park Library, hosted with Documented, a nonprofit news organization covering immigrants in New York City. Labor experts and lawyers were set to walk through common examples of wage theft and how to look up an employer on Documented's Wage Theft Monitor, with sessions in Spanish at 12:30 p.m. and Chinese at 2 p.m.",Answered,,,Terry Parris Jr.,Eliana Miller,Unassigned,,,,
NYC-SP-STR-11,SPS: July 2025,07-2025,Neighborhood Spotlight,What has the Sunset Park Library meant to one neighbor across six decades?,Where the Stories Began: A Memory of Sunset Park Library,"Diana M. recounted her first visit to the Sunset Park Library in the 1960s, when it was still called South Branch and her older brother William left her there for an afternoon that turned into a lifelong love of reading. She traced the branch through its 1970 closure and 1972 rebuild to the 2023 renovation, and reflected on what stayed the same even as the buildings changed.",Answered,,,Diana Murillo,Eliana Miller,Unassigned,,,,
NYC-SP-STR-12,SPS: July 2025,07-2025,Neighborhood News,"What happened in the June 24 primary, and who's heading to the general election?",There Was a 2025 Primary Election on June 24. Here’s What Happened,"Ahdya A. and Terry Parris Jr. reported the early results of the June 24 citywide primary, led by Andrew Cuomo's concession and Zohran Mamdani's win of the Democratic nomination for mayor. The piece listed the general election field and the Democratic and Republican primary winners in races representing Sunset Park, along with early voting dates and the November 4 election day.",Answered,,,Ahdya Attea,Eliana Miller,Unassigned,,,,
NYC-SP-STR-13,SPS: July 2025,07-2025,Community Resources,Where can Sunset Park residents find immigration resources and legal help?,Looking for Immigrant Resources in Sunset Park? Here’s a Short List,"Ray A. compiled a starting list of immigration resources available to Sunset Park residents, including Mixteca, South Brooklyn Mutual Aid, Brooklyn Defenders, Make the Road New York, and the New York Immigration Coalition. The piece described what each organization offers, noted the list was not exhaustive, and pointed to QR codes linking to addresses in English, Spanish, and Chinese.",Answered,,,Ray Acheson,Eliana Miller,Unassigned,,,,
NYC-SP-STR-14,SPS: July 2025,07-2025,Business Spotlight,What's Behind the Menu at Cafe Nube?,What’s Behind the Menu at... Cafe Nube?,"Maureen C. and Carmen R. profiled Cafe Nube, the part cafe, part art gallery that brothers Allen and Ron Lee opened near the 36th Street subway station in December 2019 with their parents. The story covered the small menu built to cut waste, the decision to raise prices only twice since opening, and the rotating gallery shows the brothers now curate themselves.",Answered,,,"Carmen Rivera, Maureen Cullen",Eliana Miller,Unassigned,,,,
NYC-SP-STR-15,SPS: July 2025,07-2025,Nature,What is the most common hawk soaring over Sunset Park?,Sunset Park Bird of the Month: The Red-Tailed Hawk,"Charlie DeWitt launched a Bird of the Month feature with the red-tailed hawk, the bird he sees most often in the park and in Green-Wood Cemetery. The piece described the hawk's hunting, nesting, and mating habits, and asked readers to write in when they spot one overhead.",Answered,,,Charlie Dewitt,Eliana Miller,Unassigned,,,,
NYC-SP-STR-16,SPS: July 2025,07-2025,Event Spotlight,What does a 1979 documentary reveal about Sunset Park?,Come Watch a 1979 Documentary About Sunset Park on July 8 at the Library,"The team previewed a July 8 screening at the Sunset Park Library of Sunset Park, a 17-minute 1979 documentary produced by The Anchor Savings Bank and co-sponsored by Community Board 7, the Pratt Center, and the Sunset Park Restoration Committee. The piece sketched the Restoration Committee's history of house tours, curriculum work, and local housing research, and invited attendees to stay for a conversation afterward.",Answered,,,Terry Parris Jr.,Eliana Miller,Unassigned,,,,
NYC-SP-STR-17,SPS: August 2025,08-2025,Welcome Note,Where does Sunset Park begin and end — and who decides?,How a Simple Map of Sunset Park Sparked a Question - and then a Story,"Terry Parris Jr. opened the third issue by returning to the October 2024 kickoff session, where about 25 neighbors marked the places that mattered to them on a map of Sunset Park and started asking where its borders actually were. The note reported that no single answer emerged — people described their edges through daily routine, and the only line everyone agreed on was the water to the west — and framed the rest of the issue as a tour of the neighborhood's nooks.",Answered,,,Terry Parris Jr.,Eliana Miller,Unassigned,,,,
NYC-SP-STR-18,SPS: August 2025,08-2025,Neighborhood Spotlight,Why can't anyone agree on Sunset Park's borders?,Where Does Sunset Park Start and Stop? Not All the Maps Match.,"Michal N. compared how Google Maps, the New York Times' 2023 crowd-sourced neighborhood map, and Community Board 7 each draw Sunset Park's boundaries, and found that no two matched. She also collected building names that point somewhere else — Park Slope Homes on 41st Street, two Linden Heights sites, Sunset Ridge Cafe, the former Bay Ridge Savings Bank on 5th Avenue, and a Greenwood Heights Reformed Church property marker — and asked who gets to decide what a neighborhood is called.",Answered,,,Michal Novemsky,Eliana Miller,Unassigned,https://docs.google.com/document/d/1pOJdLJrnw7a_QmZX4mQH7OfU0oD57PlZN4VrjIstXAc/edit?tab=t.0,,,
NYC-SP-STR-19,SPS: August 2025,08-2025,Neighborhood Spotlight,What neighborhood history lives in your family's closet?,"History Lives in Our Homes, Not Just in Our Museums","Ciel J. P. wrote about how neighborhood history survives in family closets rather than institutions, using the NYC Municipal Archives' 722,485 tax photos from 1939–41 and the 1940s.nyc map built from them. She sat with her grandmother Altagracia and great aunt Delfina to find a demolished family home at 5212 6th Avenue, and used the piece to announce the Sunset Park Museum initiative and a call for residents' own photographs.",Answered,,,Ciel Jiménez Petrinovic,Eliana Miller,Unassigned,https://docs.google.com/document/d/185CfjGXVe-1swWk4qz8qC0SOnAl_caVV9kLG2kepW7g/edit?tab=t.0,,,
NYC-SP-STR-20,SPS: August 2025,08-2025,Business Spotlight,What's Behind the Menu at Sole Cafe?,What's Behind the Menu at... Sole Cafe?,"Maureen C. and Carmen R. profiled Sole Cafe, the small shop at 5th Avenue and 34th Street that Daniel Mentado and Melissa Wen opened in 2025 across from Green-Wood Cemetery. The piece covered Daniel's fifteen years in coffee, the sneaker collection that gave the cafe its name, the Melbourne-roasted house blend, and the knitting group and running club the owners started to pull neighbors in.",Answered,,,"Carmen Rivera, Maureen Cullen",Eliana Miller,Unassigned,https://docs.google.com/document/d/1l0KFB5lwTAJahB202dmzqawfLsLrd6V513kHS2JpbeY/edit?tab=t.0,,,
NYC-SP-STR-21,SPS: August 2025,08-2025,Food,How do two community farms bring fresh food to Sunset Park doorsteps?,From Farm to Front Door: How Sunset Park Connects Through Fresh Food,"Angela S. and Michal N. compared the two CSAs operating in Sunset Park: the volunteer-run Sunset Park CSA, founded in 2008 and serving nearly 100 households out of St. Michael's Church, and Harvest Share, a 2022 NYU Langone research project on a Brooklyn Grange rooftop near Industry City. Each writer described her own membership, and the piece laid out share prices, sliding scales, SNAP acceptance, and the culturally tailored Chinese and Mexican shares Harvest Share grows.",Answered,,,"Angela Sharp, Michal Novemsky",Eliana Miller,Unassigned,CSA edit,,,
NYC-SP-STR-22,SPS: August 2025,08-2025,Community Resources,"What is wage theft, and what can workers do about it?",What is Wage Theft?,"An explainer from Documented, the nonprofit newsroom covering immigrant New York, defined wage theft and illustrated it with three cases: a busser whose manager pocketed cash tips, a renovation worker paid half his agreed rate, and a bakery cashier charged for uniform cleaning. It walked readers through looking up an employer on Documented's Wage Theft Monitor and listed the options for acting — a workers center, a labor lawyer, or a claim with the state Department of Labor.",Answered,,,,Eliana Miller,Unassigned,,,,
NYC-SP-STR-23,SPS: August 2025,08-2025,Arts & Culture,What did 19 Sunset Park street vendors reveal about their lives in a one-day exhibit?,‘Venciendo el Miedo’ Puts Street Vendors in Focus,"Carmen R. covered Venciendo el Miedo (Overcoming Fear), a one-day July 15 exhibit at Sunset Park Library presenting the photos, written narratives, and audio of 19 Sunset Park street vendors. The story traced the project to 14 weeks of photovoice workshops led by Voces Ciudadanas and advocacy director Valeria Paz Reyes, and named the four themes that emerged: fear, perseverance and survival, passing on traditions, and community building.",Answered,,,Carmen Rivera,Eliana Miller,Unassigned,Street Vendor,,,
NYC-SP-STR-24,SPS: August 2025,08-2025,Fun,Can you name every crop in the Sunset Park Sun's cover illustration?,Crop Quiz!,"The back page ran a Crop Quiz built on Mattie Akers' cover illustration of CSA vegetables, asking readers to name each crop on a matching blank grid. Entries emailed by August 20 were eligible for the September issue, with five winners promised the vegetable or fruit of their choice at the next Library Newsroom session.",Answered,,,Terry Parris Jr.,Eliana Miller,Unassigned,,,,
NYC-SP-STR-25,SPS: September 2025,09-2025,Welcome Note,What does home mean in Sunset Park — and what threatens it?,Home is where the rice balls are,"Terry Parris Jr. opened the fourth issue on the theme of home in all its forms — the block you live on, the art on the streets, the community pool, and a plate of rice balls — and named affordability and the fear of losing a home as the pressure running underneath it. He framed the issue's stories as different answers to that: a café that became a gathering place, artists carving out room to work, neighbors sharing traditions, and a community wrestling with rent.",Answered,,,Terry Parris Jr.,Eliana Miller,Unassigned,,,,
NYC-SP-STR-26,SPS: September 2025,09-2025,Neighborhood Spotlight,How did a family from Puebla turn a storefront on 61st Street into Sunset Park's living room?,Gigi’s Coffee Shop Brews More Than Coffee in Sunset Park,"Sol M. profiled GiGi's Coffee Shop at 511 61st Street, tracing Efren Dominguez and Guillermina Galicia's move from Puebla to Sunset Park in 2000 and Efren's climb from catering-hall dishwasher to head chef before the family opened the café in 2022. The piece covered the 2023 expansion into the space next door, the small library curated by daughter Bernice, and the birthday parties, quinceañeras, and Christmases that turned the shop into a gathering place; the interview was conducted in Spanish.",Answered,,,Sol Montes,Terry Parris Jr.,Unassigned,https://docs.google.com/document/d/11QSk-StQAGfWDSfEK7Aatyf4UHU_SXtIl0c82fK3PD0/edit?tab=t.abhhnl5rim7w,,,
NYC-SP-STR-27,SPS: September 2025,09-2025,Arts & Culture,Where can artists in Sunset Park find affordable workspace?,Where Can Artists in Sunset Park Work?,"Susan P. opened a new feature on artist workspace by rounding up three places in Sunset Park where artists can make their work: the NARS Foundation at 201 46th Street, MADE Bush Terminal, and ArtBuilt at the Brooklyn Army Terminal. She described each one's residencies, studio leases, and workshops, noted the list was not exhaustive, and asked readers to write in with others or share their own workspace.",Answered,,,Susan Parker,Eliana Miller,Unassigned,Newsroom Artists PDF - layout.docx,,,
NYC-SP-STR-28,SPS: September 2025,09-2025,Nature,What is the fish-hunting raptor nesting at Bush Terminal Piers Park?,Sunset Park Bird of the month: Osprey,"Charlie DeWitt's Bird of the Month featured the osprey, a fish-eating water bird that nests on a platform at the lagoon bird sanctuary in Bush Terminal Piers Park, visible from the first pier off the 43rd Street entrance. The piece described the bird's white crest, brown cheek patch, 57-to-59-inch wingspan, and 80-mile-per-hour dives, and noted its comeback since the 1972 ban on DDT.",Answered,,,Charlie Dewitt,Eliana Miller,Unassigned,September Bird of the Month,,,
NYC-SP-STR-29,SPS: September 2025,09-2025,Neighborhood News,"How much is rent going up for Sunset Park's stabilized tenants, and what can they do?",Rent Guidelines Board Approves Increases: What Sunset Park Rent-Stabilized Tenants Should Know,"Ahdya A. explained the Rent Guidelines Board's June 30, 2025 vote to raise rent-stabilized rents 3 percent on one-year leases and 4.5 percent on two-year leases, with worked examples on a $2,000 rent and instructions for checking whether an apartment qualifies. She set the increase against Sunset Park's numbers — roughly 1,000 buildings with stabilized units, about 63 percent renters, and 27.2 percent severely rent burdened in 2023 — and closed with what tenants can do, including getting help from Neighbors Helping Neighbors.",Answered,,,Ahdya Attea,Eliana Miller,Unassigned,BPL Newsroom_Rents are Rising_Attea,,,
NYC-SP-STR-30,SPS: September 2025,09-2025,Arts & Culture,"How are 54th Street neighbors raising $25,000 to replace the Unity Mural?",54th Street Comes Together to Paint a Picture,"Adriana Alba covered the effort by 54th Street residents to replace the Sunset Park Unity Mural on the Citibank wall at 54th and 5th Avenue, which had not been updated since 2001. Block resident Katie Walsh assembled a task force of neighbors, Antonio M. canvassed the block for image ideas, and Brooklyn muralist Danielle Mastrion was selected; of the $25,000 needed, residents had raised $2,500 and the Sunset Park BID committed $10,000 under executive director David Estrada.",Answered,,,Adriana Alba,Eliana Miller,Unassigned,Sunset Park Sun_ Mural (Adriana Aba),,,
NYC-SP-STR-31,SPS: September 2025,09-2025,Event Spotlight,Thinking about buying a home? Where can you start in Sunset Park?,Thinking About Buying a Home?,"The team ran a short notice about free online Introduction to Homebuying workshops offered that fall by Neighbors Helping Neighbors, the HUD-certified housing counseling group based in Sunset Park. The sessions covered the basics of purchasing a first home and how housing counselors can help, with QR codes to register for the September 16 session in Spanish or the September 17 session in English.",Answered,,,Eliana Miller,Eliana Miller,Unassigned,,,,
NYC-SP-STR-32,SPS: September 2025,09-2025,Food,How does a family recipe for rice balls travel from southern Italy to 48th Street?,Bernadette’s Rice Balls,"Maureen C. shared Bernadette Wilson's arancini recipe, passed to her over 40 years ago by her sister-in-law's family from Basilicata in southern Italy and made for neighbors on 48th Street at the holidays. The page ran the full ingredient list, equipment, and four steps: cook the rice, mix in butter, egg yolks, grated cheese and mozzarella, bread the balls in egg white and breadcrumbs, and fry at 350°F.",Answered,,,Maureen Cullen,Eliana Miller,Unassigned,,,,
NYC-SP-STR-33,SPS: October 2025,10-2025,Welcome Note,What's moving through Sunset Park this month?,Sunset Park in Motion,"Terry Parris Jr. opened the fifth issue on the theme of motion — bikes threading through busy streets, festivals spilling onto avenues, students shaping paper and plaster into creatures, and the ongoing conversations about how the neighborhood builds and grows. He framed the issue's stories as different angles on that movement: delayed bike safety upgrades, a documentary screening, alebrijes for Día de los Muertos, the 5th Avenue Festival, and a bar that became a gathering place for art.",Answered,,,Terry Parris Jr.,,Unassigned,,,,
NYC-SP-STR-34,SPS: October 2025,10-2025,Event Spotlight,What does a decade-long documentary reveal about Industry City and Sunset Park?,Screening of Emergent City at Sunset Park Library,"The team previewed a free October 23 screening of Emergent City at the Sunset Park Library, the documentary filmed over more than a decade about the transformation of Industry City and what it meant for the neighborhood. The notice announced a post-screening conversation with co-director Jay Arthur Sterrenberg, gave the 5:30 p.m. start, and noted the event was supported by the Empire Wind Offshore Wind Project with RSVP by QR code.",Answered,,,Terry Parris Jr.,,Unassigned,,,,
NYC-SP-STR-35,SPS: October 2025,10-2025,Neighborhood Spotlight,How did a parade of more than 60 flags become Sunset Park's biggest street festival?,"Food, Flags, and Farm Animals: Sunset Park’s 5th Avenue Festival","Ciel J. P. traced the 26th anniversary of the Sunset Park BID 5th Avenue Festival back to its origins, from the 1994 Parade of Flags that drew more than 60 nations and even then-Mayor Giuliani, to the BID's first festival on October 23, 1999, with its sound stages, amusement rides, and farm animals. She described how the parade was eventually discontinued while its spirit carried into the September festival, now an unofficial celebration of the nine Latin American independence days that fall that month",Answered,,,Ciel Jiménez Petrinovic,,Unassigned,,,,
NYC-SP-STR-36,SPS: October 2025,10-2025,Neighborhood Spotlight,What happened at the 26th annual Sunset Park BID Street Festival?,Sunset Park BID Street Festival Recap,"Michal N. recapped the 26th annual Sunset Park BID Street Festival on September 21, when thousands of neighbors filled fifteen blocks of 5th Avenue between 44th and 59th Streets for food, music, games, and a live animal display of parrots and snakes. She named the local businesses and elected officials with booths — among them State Senator Andrew Gounardes and Council Member Alexa Avilés — and noted the Sunset Park Sun's own table, where neighbors signed up for future issues.",Answered,,,Michal Novemsky,,Unassigned,,,,
NYC-SP-STR-37,SPS: October 2025,10-2025,Business Spotlight,What's Behind the Menu at Mama Tried?,What’s Behind the Menu at...Mama Tried,"Ray A. profiled Mama Tried, the bar at 3rd Avenue and 27th Street that Colin Strohm, Jessica Higgs, and Will Nolan opened in March 2021 under the BQE. The piece covered the backyard built with friends for live music, the drag karaoke and plant swaps, Will's food and cocktail menu including the New York Times–featured Pink Angel, and the wall of customers' mothers' photographs.",Answered,,,Ray Acheson,Eliana Miller,Unassigned,,,,
NYC-SP-STR-38,SPS: October 2025,10-2025,Community Resources,How can you help Sunset Park's street cats?,How you can help sunset park's street cats,"Edy R. wrote about the stray cats living in Sunset Park and the obstacles that shorten their lives, pointing readers to shelters and adoption groups including Animal Care Centers of NYC, Brooklyn Cat Cafe, and Angels for Mistreated Animals. She explained Trap Neuter Release as a humane method of population control and listed where to get training and spay-neuter help, from Neighborhood Cats to Flatbush Cats and the Brooklyn Bridge Animal Welfare Coalition.",Answered,,,Edy Radovic,,Unassigned,,,,
NYC-SP-STR-39,SPS: October 2025,10-2025,Neighborhood News,What's standing in the way of safer biking in Sunset Park?,Biking in Sunset Park Hits Bumps and Breakthroughs,"Becca E. rounded up the state of cycling in Sunset Park, from the protected bike lane approved for 3rd Avenue between Prospect Avenue and 62nd Street — postponed by the Department of Transportation until at least 2026 after business groups objected — to the NYPD's switch to criminal summonses, which pushed citywide cyclist summonses from 561 to nearly 6,000 in a single quarter. She also covered the Citi Bike expansion into Bay Ridge, a planned dock at the 9th Avenue D stop, and the Oonee secure bike parking hub coming to the 25th Street R station.",Answered,,,Becca Elzinga,,Unassigned,,,,
NYC-SP-STR-40,SPS: October 2025,10-2025,Event Spotlight,How are Sunset Park High School students building mythical creatures for Día de los Muertos?,Sunset Park High School Students Bring Mythical Creatures to Life for el Día de los Muertos at Green-Wood Cemetery,"Anna Reid, a Sunset Park High School art teacher, described how her students were building large-scale plaster alebrijes for Green-Wood Cemetery's Día de los Muertos celebration, drawing on the legacy of Pedro Linares with designs inspired by water, earth, fire, and air. The piece recounted the school's past contributions of papel picado, cempasúchil, and ceramic alebrijes, and announced the November 1 unveiling at the Historic Chapel, where the community could help decorate a giant alebrije.",Answered,,,Anna Reid,,Unassigned,,,,
NYC-SP-STR-41,SPS: November 2025,11-2025,Welcome Note,What has the Sunset Park Sun built in one year — and who built it?,One Year Ago: We Sat Down for Lunch and Built Something Together,"Terry Parris Jr. marked the Sunset Park Sun's first year by returning to the October 2024 Saturday lunch at Sunset Park Library, where about 20 strangers marked their most cherished spots on a map and the project took shape. He counted what followed — nearly two dozen sessions, almost 200 residents, more than 20 volunteers, and six issues carrying about three dozen stories — and pointed to Maureen and Carmen getting better at asking questions, Susan's first Community Board meeting, and Judith's answer on the recreation center as proof of what neighbors can do.",Answered,,,Terry Parris Jr.,Eliana Miller,Unassigned,,,,
NYC-SP-STR-42,SPS: November 2025,11-2025,Arts & Culture,What can you say about Sunset Park in five lines and a ZIP code?,Zip-ode Poems for Sunset Park,"Diana M. introduced the ZipOde, a form created by the nonprofit O, Miami with the NPR-affiliated station WLRN in which each digit of a ZIP code sets the number of words in a line. She used 11220 to write eight short poems about Sunset Park, covering the Manhattan skyline seen from the park, Our Lady of Perpetual Help, Green-Wood Cemetery, the library, the neighborhood's closed stores, and the people who live here.",Answered,,,Diana Murillo,,Unassigned,,,,
NYC-SP-STR-43,SPS: November 2025,11-2025,Business Spotlight,What's Behind the Menu at George's Restaurant?,What's Behind the Menu at...George's Restaurant?,"Carmen R. and Maureen C. profiled George's Restaurant at 5701 Fifth Avenue, opened in 1957 by Greek immigrant George Planzos II and run since 1987 by his son Teddy, who started there at 15. The piece traced three generations of the family in the restaurant trade, the expansions into a former pharmacy and barbershop, and the menu's shift toward Dominican mangu and Mexican carne asada as the neighborhood's Irish and Scandinavian customers gave way to Latino and Chinese ones.",Answered,,,"Carmen Rivera, Maureen Cullen",Terry Parris Jr.,Unassigned,,,,
NYC-SP-STR-44,SPS: November 2025,11-2025,Nature,What is the year-round city bird you see at the waterfront and Green-Wood?,Sunset Park Sun Bird of the Month: Canada Goose,"Charlie DeWitt's Bird of the Month featured the Canada goose, or Branta canadensis, a year-round city resident he watches at the waterfront park and Green-Wood Cemetery. The piece covered the bird's markings and 43-to-60-inch wingspan, its bowl-shaped nests and lifelong pairings, and the 2009 euthanizing of city geese after the LaGuardia bird strike, which many birders called both controversial and ineffective.",Answered,,,Charlie Dewitt,Terry Parris Jr.,Unassigned,,,,
NYC-SP-STR-45,SPS: November 2025,11-2025,Neighborhood Spotlight,"Where does Sunset Park begin and end, and what do three different maps get wrong? (中文版)",Boundaries stories (Chinese),"Michal N.'s boundaries story, first published in English in the August 2025 issue, ran here in Chinese translation, comparing how Google Maps, the New York Times' 2023 crowd-sourced neighborhood map, and Community Board 7 each draw Sunset Park's edges and finding that no two matched. It also collected building names pointing somewhere else — Park Slope Homes, two Linden Heights sites, Sunset Ridge Cafe & Grill, the former Bay Ridge Savings Bank, and a Greenwood Heights Reformed Church property marker — and asked who gets to decide what a neighborhood is called.",Answered,,,Michal Novemsky,,Unassigned,,,,
NYC-SP-STR-46,SPS: November 2025,11-2025,Neighborhood Spotlight,"Where does Sunset Park begin and end, and what borrowed names are hiding in plain sight? (Versión en español)",Boundaries stories (Spanish),"Michal N.'s boundaries story, first published in English in the August 2025 issue, ran here in Spanish translation, setting Google Maps, the New York Times' 2023 crowd-sourced neighborhood map, and Community Board 7 against each other and finding no two drew the same Sunset Park. It carried the same set of misplaced building names — Park Slope Homes, Linden Heights, Sunset Ridge Cafe & Grill, the old Bay Ridge Savings Bank, and the Greenwood Heights Reformed Church marker — and closed by asking readers for strange or borrowed names they had noticed.",Answered,,,Michal Novemsky,,Unassigned,,,,
NYC-SP-STR-47,SPS: November 2025,11-2025,Event Spotlight,Need help starting a business? What can Sunset Park Library do for you?,One-to-one support for entrepreneurs,"The team ran a notice that Sunset Park Library was hosting free one-on-one support for entrepreneurs every Wednesday from 10 a.m. to noon and 2 to 4 p.m., and every Friday from 11 a.m. to 3 p.m. It listed what librarians could help with — registering a business, accessing loans or grants, permits, marketing, finances, and small-business tech tools — and noted that no appointment or RSVP was necessary.",Answered,,,Eliana Miller,,Unassigned,,,,
NYC-SP-STR-48,SPS: November 2025,11-2025,Event Spotlight,What legal basics should a new business owner know?,Legal services at the library,"The team announced a free legal basics class for start-ups at Sunset Park Library on November 13 at 5:30 p.m., presented by The Legal Aid Society's Community Development Project. The training introduced the different business entities — sole proprietorships, partnerships, LLCs, and corporations — and what each means for liability and taxes, with no RSVP needed in person and a QR code for joining by Zoom with Spanish interpretation.",Answered,,,Eliana Miller,,Unassigned,,,,
NYC-SP-STR-49,SPS: November 2025,11-2025,Fun,Can you write a poem about Sunset Park using your ZIP code?,Sunset Park Poetry engagement,"The back page invited readers to write their own ZipOde after Diana M.'s poems, explaining that each digit of a ZIP code sets the words in that line and that a 0 lets the writer choose anything from one to nine. It suggested writing about a block, a favorite view, or the neighbors, left ruled space to fill in, and asked readers to drop poems at the Sunset Park Library or photograph the page and email it in.",Answered,,,Terry Parris Jr.,,Unassigned,,,,
NYC-SP-STR-50,SPS: December 2025,12-2025,Welcome Note,What is the gift at the heart of the Sunset Park Sun?,"The Gift of Curiosity, Connection, and Community","Terry Parris Jr. opened the December issue on the idea of the gift, naming the work neighbors do together — sitting at a library table helping someone think through a story, hearing a sharper question than last month, watching a volunteer walk in with a head full of ideas — as the gift at the center of it. He described the bulletin as wrapping paper around the neighborhood itself, promised more sessions, stories, and experiments in 2026, and invited readers to send ideas and questions.",Answered,,,Terry Parris Jr.,Eliana Miller,Unassigned,,,,
NYC-SP-STR-51,SPS: December 2025,12-2025,Neighborhood News,"Who won in Sunset Park on November 4, and what does the new city government look like?",Mamdani Makes History; Aviles Wins Sunset Park,"The Sunset Park Sun team recapped the November 4, 2025 citywide election, in which Zohran Mamdani won the mayoralty with just over 50 percent of the vote against Andrew Cuomo's 42 percent and Curtis Sliwa's 7 percent, and took 60 percent in Sunset Park. The piece noted Mamdani would be the city's first Muslim and first South Asian mayor and the youngest in more than a century, reported Council Member Alexa Avilés holding District 38 with nearly 73 percent, and listed the other citywide results and all six ballot proposals.",Answered,,,Terry Parris Jr.,Eliana Miller,Unassigned,,,,
NYC-SP-STR-52,SPS: December 2025,12-2025,Neighborhood Spotlight,Who's behind the holiday display that's lit up 50th Street for 25 years?,A Christmas Wonderland on 50th Street,"Edy R. wrote about the holiday display at 469 50th Street that she had admired for more than 20 years, and about meeting Hector and Noraima, the couple behind it, who have lived in Sunset Park for 31 years and decorated for 25 consecutive ones. The piece covered the three weeks of solo work Hector puts in each year starting before Thanksgiving, the family member who appears as Santa when his schedule allows, and the single instance of vandalism in all that time.",Answered,,,Edy Radovic,Eliana Miller,Unassigned,,,,
NYC-SP-STR-53,SPS: December 2025,12-2025,Neighborhood Spotlight,How do the holiday lights come back to 5th Avenue every year?,Sunset Park's Holiday Lights and Tree Lighting Return to 5th Avenue,"Cinthya O. covered the return of the holiday lights between 38th and 64th Streets, a tradition begun by the Fifth Avenue Merchants Association and carried by the Sunset Park BID for more than 30 years, with the 64th Street festoon missing that year because of bridge construction. She reported the more than $40,000 cost and DOT permitting from BID executive director David Estrada, and previewed the 23rd annual tree lighting on December 5 at 5th Avenue and 60th Street, with 500 goodie bags, a Santa trolley, and support from OLPH, the Clarimar Group, Anthem Blue Cross/Blue Shield, and the NYPD.",Answered,,,Cinthya Orrala,Eliana Miller,Unassigned,,,,
NYC-SP-STR-54,SPS: December 2025,12-2025,Business Spotlight,Need a last-minute gift? Which Sunset Park shops have you covered?,Last-Minute Gifts? Sunset Park has you covered,"Ciel J. P. built a last-minute gift guide out of six neighborhood small businesses, noting there are more than 600 businesses on 5th Avenue alone. The list covered Mr. C's Cycles, Blossom Flower Shop, Hong Fu Baby, Zapateria Mexico, Daysun Restaurant Supplies, and ValuPlus Thrift Shop with addresses and what to buy at each, and asked readers to send in shops for future guides.",Answered,,,Ciel Jiménez Petrinovic,Eliana Miller,Unassigned,,,,
NYC-SP-STR-55,SPS: December 2025,12-2025,Food,What goes into Sunset Park's award-winning coquito?,Sunset Park's Award-winning Coquito,"Carmen R. explained coquito, the coconut drink at the center of Puerto Rican Christmas, and profiled longtime Sunset Park resident Cynthia Gonzalez, who built her own recipe by tasting as she went and won the Brooklyn Coquito Masters contest with it in 2016. The page ran Gonzalez's full ingredient list, equipment, and six steps, and noted the December 6 Brooklyn qualifying competition at Uprose.",Answered,,,Carmen Rivera,Eliana Miller,Unassigned,,,,
NYC-SP-STR-56,SPS: December 2025,12-2025,Food,Where can you snack for under $10 in Sunset Park?,Snacking on a Budget: Sunset Park Snacks We Found for Under $10,"The Sunset Park Sun team assembled a guide to neighborhood snacks under $10, leading with four picks — La Isla's $3 alcapurrias, El Guayaquileño's $6 morocho, L'wren Bar's $8 happy hour plates, and Key Food's store-made pico de gallo — with background on the Puerto Rican and Ecuadorian dishes behind two of them. A second page listed a dozen more spots by avenue, from Huahui Bakery to Ba Xuyên and Kai Feng Fu Dumpling, alongside a custom Google map, and asked readers what was missing.",Answered,,,The Sunset Park Sun team,Eliana Miller,Unassigned,,,,
NYC-SP-STR-57,SPS: December 2025,12-2025,Nature,What is the soft-voiced swan gliding through Brooklyn's parks and cemeteries?,Sunset Park Sun Bird of the Month: The Mute Swan,"Charlie DeWitt's Bird of the Month featured the mute swan, which despite its name calls softly to other swans and to its cygnets, and which spread from Europe into ponds and lakes across all five boroughs. The piece covered the birds' lifelong pairings and big black paddle-shaped feet, and pointed readers to the Brooklyn Bird Club's Saturday morning walks at the Prospect Park Boathouse and to Green-Wood Cemetery and Bush Terminal Piers Park as places to look.",Answered,,,Charlie Dewitt,Eliana Miller,Unassigned,,,,
NYC-SP-STR-58,SPS: December 2025,12-2025,Community Resources,Where can you find free food in Sunset Park this holiday season?,Sunset Park Food Pantries and Hot Meals Guide,"The Sun ran a directory of food pantries, hot meal programs, and mobile markets serving Sunset Park, compiled for the holiday season by the office of Council Member Alexa Avilés. Nine sites were listed with addresses, hours, contacts, and registration notes, among them Mixteca's Mercadito Solidario, St. Michael's, Center for Family Life, the Salvation Army, City Harvest's mobile market, and the Chinese-American Planning Council.",Answered,,,Office of Council Member Alexa Avilés,Eliana Miller,Unassigned,,,,
NYC-SP-STR-59,SPS: December 2025,12-2025,Event Spotlight,What happens when PS01 students write their own show from scratch?,BOOM! PS01 Students Debut their new show,"Alyssa Haddad-Chin of Target Margin Theater described the annual fall collaboration between TMT, Center for Family Life, and PS01, in which third through sixth graders write their own script, build their own props, and invent their own characters alongside teaching artists. This year's show, Boom!, followed a meteorite falling from the sky and the lost aliens, hungry zombies, and rogue princesses it brought with it, with a free public performance for the neighborhood on December 13 at 1 p.m.",Answered,,,Alyssa Haddad-Chin,Eliana Miller,Unassigned,,,,
NYC-SP-STR-60,SPS: December 2025,12-2025,Fun,Can you find all fourteen snack spots from the Sun's snack guide?,Sunset Park Snacks Scavenger Hunt,"The back page turned the issue's snack guide into a scavenger hunt, with a checklist of the fourteen spots covered and blank space for readers to add twenty budget finds of their own. Readers were asked to photograph the completed page and email it in along with the snack they most wanted to try, which the team promised to bring to the next public session.",Answered,,,Terry Parris Jr.,Eliana Miller,Unassigned,,,,
NYC-SP-STR-61,SPS: January 2026,01-2026,Welcome Note,"How does the Sunset Park Sun actually get made, and what should it do next?","How the Sunset Park Sun Gets Made, and what it should do next","Terry Parris Jr. opened the January issue by walking through how the bulletin actually gets made, from ideas turning into conversations at the library to drafts, review, fact-checking, copy lock, and boxes dropped around the neighborhood. He named the project's move out of its pilot phase and asked readers what the Sun should turn toward next: which questions linger, what information is hard to find, and what stories feel unfinished.",Answered,,,Terry Parris Jr.,Terry Parris Jr.,Unassigned,,,,
NYC-SP-STR-62,SPS: January 2026,01-2026,Neighborhood Spotlight,"What makes Three Kings Day and Rosca de Reyes special, and where do you find the bread in Sunset Park?",Rosca de Reyes and the Magic of Three Kings Day (English & Spanish),"SimVio explained the Three Kings Day traditions behind Rosca de Reyes, from the letters children write on the night of January 5 to the figurine baked inside the bread, which obligates whoever finds it to bring tamales on Día de la Candelaria. The piece listed five Sunset Park bakeries selling rosca — La Flor de Izucar, Mi México Pequeño, La Espiga Real, Ines Bakery, and Don Paco Lopez Panadería — and ran in both Spanish and English.",Answered,,,SimVio,Terry Parris Jr.,Unassigned,,,,
NYC-SP-STR-63,SPS: January 2026,01-2026,Neighborhood Spotlight,What do public domain archives reveal about Bush Terminal's past?,"Digging Into Bush Terminal’s Past, One Public Domain Find at a Time","Mattie A. wrote about searching the public domain for images of Bush Terminal, prompted by the new MADE Bush Terminal hub and a sense that the complex's ghosts were being cleared out before anyone documented them. She explained what Public Domain Day means and surfaced early 1900s photographs from the Center for Brooklyn History and the Library of Congress, alongside a Brooklyn Daily Eagle article printed exactly 100 years earlier describing the terminal's private railroad and 20 square blocks of waterfront.",Answered,,,Mattie Akers,Terry Parris Jr.,Unassigned,https://docs.google.com/document/d/1xJy4oLK6UFSBgBipF-6n5_MAPd-nUotgnsnqsKkRkv8/edit?tab=t.0,,,
NYC-SP-STR-64,SPS: January 2026,01-2026,Business Spotlight,What’s Behind the Menu at…Zona Sur Bar Bistro?,What’s Behind the Menu at…Zona Sur Bar Bistro?,"Carmen R. and Maureen C. profiled Zona Sur Bar Bistro at 4314 4th Avenue, tracing Jose Luis Hernandez's path from arriving in Sunset Park from Puebla at 15 to executive chef in Manhattan restaurants, and his 2010 meeting with Maria Medina. The story covered the 2012 opening as Café Zona Sur, the 2016 liquor license and rename, the pandemic pivot to pickup and patio events, and the American, Italian, Mexican, and French menu Luis still writes himself.",Answered,,,"Carmen Rivera, Maureen Cullen",Terry Parris Jr.,Unassigned,,,,
NYC-SP-STR-65,SPS: January 2026,01-2026,Neighborhood News,How do you get graffiti reported and removed in Sunset Park?,Reporting and Removing Graffiti in Sunset Park,"The Sunset Park Sun team laid out the two routes for getting graffiti removed: 311 or online reporting through Graffiti Free NYC, the citywide Department of Sanitation program, and the more informal cleanup requests handled by the Sunset Park 5th Avenue BID. BID executive director David Estrada described covering 10 to 15 areas a month, periodic blitzes of light poles and mailboxes, and anti-graffiti coating for community murals, and said graffiti was down significantly from pandemic levels.",Answered,,,,Terry Parris Jr.,Unassigned,,,,
NYC-SP-STR-66,SPS: January 2026,01-2026,Community Resources,What heat and hot water are tenants owed in winter?,What Tenants Should Know About Heat and Winter Safety,"Michal N. set out what tenants are owed in winter: hot water at 120°F year-round, and heat between October 1 and May 31 at 68°F during the day and 55°F at night when it is cold enough outside. She pointed readers to HEAP, HERR, and the Emergency HEAP Benefit for help with bills, and covered where to go when heat fails, how to check on neighbors, and how to avoid fires and carbon monoxide poisoning.",Answered,,,Michal Novemsky,Terry Parris Jr.,Unassigned,https://docs.google.com/document/d/1mghSmzrNBosLguLvi7PWQyp142fu4N308pmg6v9uIrI/edit?tab=t.0,,,
NYC-SP-STR-67,SPS: January 2026,01-2026,Community Resources,Where can you donate blood in and around Sunset Park?,January Is Blood Donor Month,"Cinthya O. marked National Blood Donor Month and the winter shortages that make January donations critical, noting one donation can help up to three patients and that need runs highest for O- and B- types. She listed where to give, including the New York Blood Center's Brooklyn Donor Center at 30 Flatbush Avenue and the Maimonides Blood Donor Center in Borough Park, and noted NYBC also runs drives at businesses and places of worship near Sunset Park.",Answered,,,Cinthya Orrala,Terry Parris Jr.,Unassigned,,,,
NYC-SP-STR-68,SPS: January 2026,01-2026,Nature,What are those diving birds at Bush Terminal Park?,Sunset Park Sun Bird of the Month: Double-Crested Cormorants,"Charlie DeWitt's Bird of the Month featured the double-crested cormorant, a diving bird that hunts fish in ponds, lagoons, and the city's bays and rivers and nests in colonies in trees near the water. He described watching them disappear underwater at Bush Terminal Park and resurface several feet away, and noted that although they are not endangered they are protected under the Migratory Bird Treaty Act.",Answered,,,Charlie Dewitt,Terry Parris Jr.,Unassigned,,,,
NYC-SP-STR-69,SPS: January 2026,01-2026,Fun,What are your hopes and goals for 2026?,2026 Vision Board,"The back page ran a 2026 Vision Board, a board-game-style path through personal life, finance, health, career, self reflection, and personal goals for readers to fill in at the start of the year. Graphics were by Susan Parker, and readers were invited to email in what they were thinking about as the year began.",Answered,,,Susan Parker,Terry Parris Jr.,Unassigned,,,,
NYC-SP-STR-70,SPS: February 2026,02-2026,Welcome Note,How are neighbors looking out for each other as immigration enforcement changes daily life?,Paying Attention With and For Our Neighbors.,"Terry Parris Jr. opened the February issue on what immigration enforcement was doing to ordinary routines in Sunset Park, where neighbors were changing how they moved through the neighborhood, avoiding attention, and staying home unless they had no other choice. He framed the Sun as a way to share information, reduce isolation, and make room for neighbors to speak in their own words, and pointed readers to the issue's practical guidance on ICE encounters and local legal support.",Answered,,,Terry Parris Jr.,Terry Parris Jr.,Unassigned,,,,
NYC-SP-STR-71,SPS: February 2026,02-2026,Community Resources,What should you know if you encounter ICE in Sunset Park?,What To Know about Encountering ICE,"Becca laid out what Sunset Park residents should know about encountering ICE, covering how agents may or may not be identifiable, the right to remain silent, the judicial warrant requirement for entry into a home, and the value of noting time, location, and agency if someone is detained. She pointed readers to the Legal Support Center at the Center for Family Life at 443 39th Street and NYC's Immigration Legal Support Hotline, and explained the neighborhood whistle system — three short blasts to signal ICE nearby, three long blasts to signal a possible detention.",Answered,,,Becca Elzinga,Terry Parris Jr.,Unassigned,Winter Sunset Park Sun Story,,,
NYC-SP-STR-72,SPS: February 2026,02-2026,Community Resources,How does rescued food get from City Harvest's warehouse to Sunset Park tables?,From Warehouse to Table: How City Harvest Serves Sunset Park,"Charlie D. toured City Harvest's Second Avenue warehouse, a former rail car repair shop, and interviewed Senior Communications Manager Molly Horak about how rescued food reaches Sunset Park residents. The Q&A covered the organization's 2022 move to the neighborhood, the Sunset Park Mobile Market serving more than 1,000 households on the 2nd Friday and 4th Saturday of each month, and the repack and market volunteer shifts open to neighbors.",Answered,,,Charlie Dewitt,Rebecca McCray,Unassigned,,,,
NYC-SP-STR-73,SPS: February 2026,02-2026,Arts & Culture,How has the Regina Opera kept opera affordable in Sunset Park for 56 years?,"Opera for All: Inside Sunset Park's 56-Year Community Treasure, The Regina Opera","Angela S. profiled the Regina Opera Company, the 56-year-old company staging fully produced opera with a 35-piece orchestra at Our Lady of Perpetual Help for $25 a ticket. She spoke with president Francine ""Fran"" Garber-Cohen, music director Scott Jackson Wiley, costumer Marcia Kresge, stage manager Thomas Geib, and singers including Yeawon Jun, and covered the free open dress rehearsals, the pandemic recordings, and the closing of the OLPH parish school around the company.",Answered,,,Angela Sharp,Rebecca McCray,Unassigned,,,,
NYC-SP-STR-74,SPS: February 2026,02-2026,Arts & Culture,What does the Year of the Fire Horse hold for Sunset Park?,Welcome 2026! The Year of the Fire Horse,"Rozette wrote about growing up Filipino and Chinese with a three-month run of holidays ending in Lunar New Year, and about her grandmother's answer to a teasing question about her mixed altar — that her soul was secured wherever she ended up. The piece introduced the February 17 start of the Year of the Fire Horse, listed the traits of all twelve zodiac signs, and ran a live reading Rozette did for her neighbor Adriana, who had believed her whole life she was a Dragon; SimVio illustrated a horse for readers to color.",Answered,,,Rozette De Castro,Terry Parris Jr.,Unassigned,,,,
NYC-SP-STR-75,SPS: February 2026,02-2026,Business Spotlight,"How did a food cart in La Troncal, Ecuador become Sunset Park's La Carreta?","From La Troncal to Sunset Park, La Carreta Serves Ecuadorian Tradition","Cinthya O. profiled La Carreta, the Ecuadorian restaurant the Ortega family opened in Sunset Park in 1998, and traced its name to the cart Benito Ortega and his siblings pedaled through La Troncal, Ecuador, selling their mother Ines Peralta's cooking. Andrea Ortega described the family's division of labor in the kitchen and dining room, the effect of tariffs on ingredient prices, the 2024 opening of the La Carreta Sport Bar on 4th Avenue, and the renovation of the original 51st Street restaurant.",Answered,,,Cinthya Orrala,Terry Parris Jr.,Unassigned,,,,
NYC-SP-STR-76,SPS: February 2026,02-2026,Neighborhood News,Why did God's Love We Deliver open a new distribution center in Brooklyn?,"Food, Dignity, and Care: God's Love We Deliver Expands in Brooklyn","Adriana covered the January 8 ribbon cutting for God's Love We Deliver's new Brooklyn distribution center at 850 Third Avenue, part of the 40 FORWARD campaign marking the organization's 40th anniversary and its 40 millionth meal. Major gifts officer Eric Ragone toured the roughly 7,000 square feet of freezer space and explained why a Brooklyn site matters when 77 percent of clients live in the borough, and actor and activist Rosie Perez spoke about growing up with food insecurity.",Answered,,,Adriana Alba,Terry Parris Jr.,Unassigned,,,,
NYC-SP-STR-77,SPS: February 2026,02-2026,Fun,"What is a food pantry, and what does one do?",Food Pantry Comic,"Charlie D.'s back-page comic turned his City Harvest reporting into a classroom scene, with two students asking their teacher Mr. Diego what a food pantry is and what one does. The strip explained that pantries give food to people who need it and take donations from people who do not, and pointed readers back to the full story on page 5.",Answered,,,Charlie Dewitt,Terry Parris Jr.,Unassigned,,,,
NYC-SP-STR-78,SPS: March 2026,03-2026,Welcome Note,Where do Sunset Park's stories get told?,Everything Has a Story,"Terry Parris Jr. opened the March issue by arguing that its apparently unconnected stories — a letter about grief, a guide to Community Board 7, a neighborhood bar, a green parakeet, and free tax help — were all about storytelling. He wrote that stories get told in public meetings, through music and debate nights at a bar, in letters to people we've lost, and even in tax forms, and asked readers to send in whatever they had been wondering about.",Answered,,,Terry Parris Jr.,Rebecca McCray,Unassigned,,,,
NYC-SP-STR-79,SPS: March 2026,03-2026,Neighborhood News,"What does Community Board 7 do, and how do you get involved?",Everything You Need to Know About Community Board 7,"Rebecca M. explained what community boards do and interviewed Julio Peña III, a CB7 member since 2016 and its chair since 2022, about how the board works and how residents can get involved. The piece covered CB7's ten committees, the roughly five hours a month a committee seat requires, the application process running through the Brooklyn Borough President's office, and the board's role in the Sunset Park Library redevelopment that added 49 affordable housing units.",Answered,,,Rebecca McCray,Terry Parris Jr.,Unassigned,CB7,,,
NYC-SP-STR-80,SPS: March 2026,03-2026,Business Spotlight,What's behind the bar at Sunset Stoop?,What's Behind the Bar at...Sunset Stoop,"Carmen R. and Maureen C. profiled Sunset Stoop, the bar and performance space at 4114 5th Avenue that Roberto ""Rob"" Beltre opened in June 2024 in the storefront his mother's immigration and tax service once occupied. The story covered Rob's frustration at having to leave the neighborhood to hear live music, the programming that followed — cumbia, Juan Gabriel tributes, bomba, karaoke, drag, trivia, and film screenings — the free whistles and ICE information cards kept at the bar, and the policy that all performance money goes directly to the artists.",Answered,,,"Carmen Rivera, Maureen Cullen",Rebecca McCray,Unassigned,,,,
NYC-SP-STR-81,SPS: March 2026,03-2026,Nature,Why are bright green parakeets nesting at Green-Wood Cemetery?,Bird of the Month: Monk Parakeet,"Charlie DeWitt's Bird of the Month featured the monk parakeet, the bright green South American bird whose flock nests in a giant communal nest atop the historic arch at the 25th Street entrance to Green-Wood Cemetery. He passed along the rumor that escaped pet parakeets started the colony, described the birds' 12-inch bodies, 18-inch wingspans, lifelong pairings, and separate nesting chambers, and asked readers interested in an upcoming Bird of the Month event at the library to write in.",Answered,,,Charlie Dewitt,Terry Parris Jr.,Unassigned,Bird of The Month for March!,,,
NYC-SP-STR-82,SPS: March 2026,03-2026,Community Resources,Where can you get free help filing your taxes in Sunset Park?,Do You Need Help Filing Your Taxes? Here's Where to Go,"Cinthya O. laid out where Sunset Park residents could get free tax preparation before the April 15, 2026 deadline, starting with the NYC Free Tax Prep income limits — $97,000 with qualifying dependents, $68,000 without — and the four ways to file, from sitting with a volunteer preparer to assisted self-prep. The guide ran a what-to-bring checklist and listed local sites including Council Member Alexa Avilés' office, Center for Family Life and its NYU Langone location, plus AARP Foundation sessions for adults 50+ at the Greenpoint, Central, and Bedford libraries.",Answered,,,Cinthya Orrala,Rebecca McCray,Unassigned,,,,
NYC-SP-STR-83,SPS: March 2026,03-2026,Neighborhood Spotlight,How can writing letters help us grieve the ones we love?,Help Us Write Letters to the Ones We Love.,"Rozette De Castro wrote about arriving in Sunset Park three years ago while grieving her sister Tet, and about how the neighborhood — neighbors knocking with pozole, aunties at the bakeries, strangers delivering radical honesty with humor — helped her come to terms with that loss. She described the Grief Scavenger Hunt she designed and led at Green-Wood Cemetery, where 25 participants wrote letters at the Valley Water Pond to whatever they were grieving, and invited readers to send in their own letters and reflections for an exhibit planned later in the year.",Answered,,,Rozette De Castro,Terry Parris Jr.,Unassigned,Headline: Help Us Write Letters to Loved Ones Lost,,,
NYC-SP-STR-84,SPS: March 2026,03-2026,Event Spotlight,"What's on stage at Target Margin Theater, and how do neighbors get the discount?",A New Play at Target Margin Theater with a Special Sunset Park Discount,"Alyssa Haddad-Chin, Target Margin Theater's company and community manager, previewed This is Real, the company's new play at 232 52nd Street inspired by the writer Jean Genet and his attention to power, authority, and the punishment of the marginalized. She offered Sunset Park readers an exclusive discount code, WETHEPEOPLE, for $10 off the theater's lowest ticket price.",Answered,,,Alyssa Haddad-Chin,Rebecca McCray,Unassigned,,,,
NYC-SP-STR-85,SPS: March 2026,03-2026,Fun,Crossword: Do you know the Sunset Park Sun?,Crossword: Do you know the Sunset Park Sun?,"The back page ran a crossword built entirely out of the March issue, with every answer hidden somewhere in its pages — Sunset Stoop's owner, the monk parakeet, the CB7 chair, and the letters written at the Valley Water Pond among them. Readers were asked to email a photo of the completed puzzle, with the answers promised in the next issue.",Answered,,,Danny Laplaza,Terry Parris Jr.,Unassigned,,,,
NYC-SP-STR-87,Unpublished,,Nature,"Who plants Sunset Park's trees, and which blocks get shade?",N/A,"There's a day set aside for planting trees, and Sunset Park has a complicated relationship with its own tree canopy. Who plants trees here, who waters them, and which blocks have shade and which don't? Arbor Day is the hook; the story is about who gets green.",Unclaimed,,,,Unassigned,Unassigned,,,,
NYC-SP-STR-89,SPS: April 2026,04-2026,Neighborhood News,How did a 19th-century greenhouse become Green-Wood's new front door?,A 19th-Century Greenhouse Becomes Green-Wood's New Front Door,"Ciel J. P. reported on the Green-House at Green-Wood, the restored 1895 Weir Greenhouse that reopened as the cemetery's welcome center after Green-Wood purchased it in 2012 and spent 14 years on the renovation. She traced the site back to the Weir family florist business that had operated there since 1880, described the building's new role as part museum, classroom, and research hub, and previewed the free grand opening programming on April 18 and 19.",Answered,,,Ciel Jiménez Petrinovic,Terry Parris Jr.,Alfred Ng,April 2026 - Green-Wood Green-House,,"3/17/26 — Danny followed up 3/9/26 — Ciel claimed via email thread. Terry confirmed. April issue. 3/17/26 — Ciel replied: actively writing, researched greenhouse history, shared draft doc. Has editorial question about quoting old Green-Wood blog comments. Terry advised: pick one comment max, link to full post via QR code rather than seeking permission.",
NYC-SP-STR-90,SPS: April 2026,04-2026,Neighborhood Spotlight,"Who planted the native garden at Bush Terminal Park, and what grows there?","People, Plants & Pollinators at Bush Terminal Park","Mattie Akers told the story of the 1,400-square-foot native plant garden at Bush Terminal Park in a hand-drawn and painted spread, following Robin and Rachel, the two Wild Ones members who have co-led the project since 2024 on a triangular patch of former industrial land. The piece covered the site's contaminated past, the three dozen native species now growing there including milkweed, beach plum, and swamp rose mallow, and the PS 516K families and volunteers who weed, plant, and water it.",Answered,,,Mattie Akers,Terry Parris Jr.,Danny Laplaza,Bush Terminal garden article text and reference images,,"3/12/26 — Terry reviewed and left minor comments. Called the layout adjustment great, nothing substantial to change. 3/12/26 — Mattie incorporated Terry's comments and transcribed revised text into right-hand column of the Google Doc (layout version differed from Doc due to space constraints). Asked Terry for one more pass before sending to organizers Rachel and Robin. Attached a Daily News article about pollution at the site. 3/12/26 — Terry said he'd look after a meeting but didn't get to it. 3/14/26 — Mattie decided not to wait. Sent draft to Rachel and Robin without second Terry review, reasoning changes were minimal. Also flagged a workflow concern: doesn't know when team reviews, felt in limbo, asked whether nudging is the right move. Noted the article must run in April because the garden event is mid-April. 3/14/26 — Terry confirmed she was right to send it. Apologized for delay, said nudges are helpful. Said he'd follow up more specifically on her workflow question once back from travel.",
NYC-SP-STR-91,SPS: April 2026,04-2026,Community Resources,Where can Sunset Park kids play soccer for free?,"Soccer for Kids, Just for a Smile","SimVio wrote about coming across a free youth soccer practice on the Sunset Park field in 2019, where Coach Dani told her that all her kindergartner needed to join was a smile. The piece explained how Street Soccer USA runs its year-round free programs as an alternative to pay-to-play youth soccer, covering the local practice sites, the Times Square Cup Series, the Halloween parade down 5th Avenue, and how families can sign up.",Answered,,,SimVio,Rebecca McCray,Terry Parris Jr.,Soccer for kids for just a smile,,3/24/26 — Violeta shared photos. Danny to remind Violeta tomorrow that Rebecca had asked for a few edits. Story was originally submitted in February.,
NYC-SP-STR-92,Unpublished,,Neighborhood Spotlight,What happened to all the housing west of Third Ave?,N/A,"West of Third Avenue, the housing thins out and the industry takes over. It wasn't always that way. What was there, who lived in it, and what took it away — the expressway, rezoning, something else? This one lives in old maps, old photos, and people who remember.",On hold,,,John DeLooper,Terry Parris Jr.,Unassigned,https://cuny907-my.sharepoint.com/:p:/g/personal/john_delooper08_login_cuny_edu/IQDJjjQhz9bgQKRJGl2cM6ecAbN61EPgoSuGipJWLa1EAHY?rtime=Trb-4Dhz3kg,,Draft is 3-ave-housing-draft.docx. Very long.,
NYC-SP-STR-93,SPS: April 2026,04-2026,Business Spotlight,What's behind the menu at Ślimak Café?,What's Behind the Menu At… Slimak Café,"Maureen C. and Carmen R. profiled Slimak Café at 4110 4th Avenue, tracing co-owner Andrea Balascak's path from Bardejov, Slovakia — where her family owned a flour mill and her grandfather was a baker — to running NewsBar in Greenwich Village with her husband Jan and opening in Sunset Park in 2017. The story covered the seasonal global menu, the take-a-book library and locally handcrafted goods at the counter, the waste-reduction discounts, and the role of Jana Humenaska, Andrea's high school classmate and right hand since 2004.",Answered,,,"Carmen Rivera, Maureen Cullen",Alfred Ng,Terry Parris Jr.,Slimak Cafe 3,,"3/24/26 — Maureen sent answers to Alfred's editorial questions: confirmed owner Andrea is from Bardejov, Slovakia; rewrote the childhood/cooking backstory paragraph; added timeline details (NewsBar manager/partner 2000, sole owner 2018; approached Brooklyn property owner late 2016; Slimak opened June 1, 2017; Jana Humenaska joined in 2004). Ball is back with Alfred for a revised edit. 3/4/2026 — Maureen sent paragraph 9 rewrite re: sourcing/sustainability. Danny acknowledged 3/10. 3/3/2026 — Maureen and Carmen submitted draft + photos (12 images).",
NYC-SP-STR-94,SPS: April 2026,04-2026,Community Resources,What can Sunset Park learn from Finland about sustainability?,From Finland to Sunset Park: What I'm Learning About Sustainability,"Susan P. connected the Finnish approaches to sustainability and circular textiles she encountered while living in Helsinki in 2017 to the work happening in Sunset Park, a neighborhood once known as Finntown. She wrote about attending the DSNY Foundation's Community Stewards session at Windscape in Industry City and going through NYC Trash Academy, where she learned that one of the largest recycling facilities in North America sits in the neighborhood.",Answered,,,Susan Parker,Terry Parris Jr.,,Aitini (Earth Day / DSNY Trash Academy),,"3/17/26 — Danny followed up 3/17/26 — Susan replied: working on a sustainability piece about Earth Day / NYC Trash Academy (DSNY). Graduated from the program this week. Said May piece also nearly done. 3/18/26 — Susan sent both drafts overnight via email attachments: April piece (Aitini, 3 photos) and May piece (Mai, 2 photos). Raw text files from iPhone. Assets need download and processing.",
NYC-SP-STR-95,SPS: April 2026,04-2026,Community Resources,What does Autism Awareness Month mean to a neighbor living it?,What Autism Awareness Month Means to Me,"Charlie D. marked Autism Awareness Month by writing about his own diagnosis and what he wishes more people understood — that autism is a neurodevelopmental condition someone is born with, that it shows up differently in different people, and that it is not something you catch or cure. He pointed readers to Autistic Adults NYC as a local resource and said he wants to see more awareness and support in Sunset Park.",Answered,,,Charlie Dewitt,Terry Parris Jr.,,Autisum Awareness Month Article for April,,3/17/26 — Danny followed up 3/17/26 — Charlie replied: has content but needs help typing it out. Needs a transcription session before draft can be submitted. 3/18/26 — Danny inquired what he needed help with,
NYC-SP-STR-96,Unpublished,,Neighborhood Spotlight,"Where do you start eating on 8th Avenue, and who's behind the counter?",N/A,"Eighth Avenue is one of the great eating streets in the city and most of Brooklyn doesn't know it. Walk it, eat it, write it down. Where do you start, what do you order, who's behind the counter?",Claimed,,,Joanna Li,Unassigned,Unassigned,,,3/17/26 — Danny followed up 3/13/26 — Anna Yang offered photography support via email. Terry forwarded and noted she could be a partner for Joanna.,Needs a story prompt (the community question this answers).
NYC-SP-STR-97,SPS: April 2026,04-2026,Welcome Note,Why did April's stories all turn toward the natural world?,"This Month, Something Took Shape","Terry Parris Jr. opened the April issue by noticing that the month's stories had converged on the natural environment without anyone planning it, a pattern he traced back to the questions neighbors brought into the back room of Yafa Cafe at March's editorial meeting. He set that against the coldest and snowiest winter the city had seen in more than a decade, and pointed to the issue's more personal pieces as a reminder that a neighborhood is made of people moving through it in different ways.",Answered,,,Terry Parris Jr.,Rebecca McCray,Unassigned,,,,
NYC-SP-STR-98,Unpublished,,Neighborhood Spotlight,How did Sunset Park's Chinatown come to be?,N/A,"Eighth Avenue didn't become a Chinatown by accident. Who came first, why here, and what did they build once they arrived? This one wants long-time residents, business owners, and anyone who remembers what the avenue looked like before.",Unclaimed,,Anna Yang,,Unassigned,Unassigned,,,,
NYC-SP-STR-99,Unpublished,,Event Spotlight,"What actually happens inside the Sims recycling facility, and can you take a tour?",N/A,"The Sims recycling facility sits on the Sunset Park waterfront and processes a huge share of the city's recycling. What actually happens inside, and can you take a tour? Go, look, and tell people what you saw.",On hold,,,Angela Sharp,Unassigned,Unassigned,,,Coming later.,Needs a story prompt (the community question this answers).
NYC-SP-STR-100,Unpublished,,Business Spotlight,Where are all the food trucks?,N/A,"Sunset Park has food trucks — but where exactly are they, when do they show up, and how do you find them if you don't already know? This one could be a simple guide, a map, a conversation with the vendors themselves. What do they sell? Where do they park? Who are the regulars? There's a story here for anyone willing to follow the smell.",Unclaimed,,,,Unassigned,Unassigned,,,,
NYC-SP-STR-101,Unpublished,,Business Spotlight,What's the story behind Tacos el Bronco?,N/A,"Tacos el Bronco is everywhere — the restaurant, the trucks, the line at midnight. But who built this thing, and how? Where did it start? What does it take to run a food operation that big in a neighborhood like this? This could be a profile of the people behind it, a history of the business, or just a really good conversation over a taco.",Unclaimed,,Carmen Rivera,,Unassigned,Unassigned,,,,
NYC-SP-STR-102,SPS: Anniversary Issue,09-2026,Neighborhood Spotlight,"Who makes the Sunset Park Sun, and why do they do it?",Meet the Team Behind the Sunset Park Sun,"The Sunset Park Sun is made by a group of neighbors who meet at the library every month to pitch, report, and edit stories together. This is a look at who they are and why they do it.",Unclaimed,,,,Unassigned,Unassigned,,,"7/5/26 — Anniversary issue candidate (""Meet the Makers"" idea from 5/16 recap); could become a recurring monthly feature. Linked to September pending anniversary issue timing.  Claimed by Terry. Story about the working group itself.  7/27/26 — Terry named the subjects: Mattie on illustrations, Carmen and Maureen on What's Behind the Menu, the printer, and the library team. Format is short interviews or mini profiles, with a different person interviewing each subject. This supersedes the 'Claimed by Terry' line above — Terry is asking for several volunteers, not holding it himself.",
NYC-SP-STR-103,Unpublished,,Nature,What wildlife is living right outside your door in Sunset Park?,N/A,"You don't have to leave Sunset Park to find wildlife. This story looks at the birds, insects, and animals sharing the neighborhood with us, and how to spot them right outside your door.",Claimed,,,Charlie Dewitt,Unassigned,Unassigned,Backyard Wildlife in Sunset Park - Google Docs,,,Needs a story prompt (the community question this answers).
NYC-SP-STR-104,Unpublished,,Business Spotlight,"Who runs the neighborhood comic book shop, and how does a store like that survive in 2026?",N/A,"There's a comic book shop in the neighborhood. Who runs it, who shops there, and how does a store like that survive in 2026? Small-business profile with a specific crowd behind it.",Claimed,,,Angela Sharp,Unassigned,Unassigned,,,Their shop is closing at the end of this February,Needs a story prompt (the community question this answers).
NYC-SP-STR-105,SPS: May 2026,05-2026,Nature,Where can you spot the falcons of Sunset Park?,Bird of the Month: The Falcons of Sunset Park,"Charlie D.'s Bird of the Month turned into a spotlight on the falcon family, covering the two species found in the neighborhood: the peregrine falcon, the fastest bird in the world at over 200 miles per hour in a hunting stoop, and the American kestrel, one of the smallest falcons in the city. The piece described where to look for both — high in the sky, in tall trees, atop St. Michael's spire, and around Bush Terminal Park — along with their calls, cavity nesting, and hunting behavior, and pointed readers to the May 23 neighborhood bird walk on the back page.",Answered,,,Charlie Dewitt,Terry Parris Jr.,Rebecca McCray,,,May,
NYC-SP-STR-106,Unpublished,,Business Spotlight,Who's behind the home kitchen taking over Sunset Park?,N/A,"Someone in Sunset Park is making Filipino empanadas out of their home kitchen and people can't stop talking about them. The business is called ijustbecookin. You sign up for a list. You pre-order. They sell out. How does something like this start? What does it take to run a food business from your house? Who's the person behind it, and what pushed them to begin?",Unclaimed,,Angela Sharp,,Unassigned,Unassigned,,,"I saw on IG that this Filipino empanada made in Sunset Park is blowing up. The business is called ijustbecookin (Insta @ijustbecookin). You sign up for a list serve and can pre-order the empanadas. I haven't tried them yet, but so far great reviews. I believe they're selling them from their house. Old school style.  IG Story: https://www.instagram.com/reel/DULv3lYieup/?utm_source=ig_web_copy_link&igsh=MzRlODBiNWFlZA==",
NYC-SP-STR-107,Unpublished,,Neighborhood News,Where do you go when you're sick in Sunset Park?,N/A,"When you're sick in Sunset Park, where do you go? Is there a pharmacy close by? A clinic? A doctor who speaks your language? This story could be a map, a set of conversations, a resource guide — or all of the above. It starts with a simple question that not everyone has an easy answer to.",Unclaimed,,Maureen Cullen,,Unassigned,Unassigned,,,Email MC,
NYC-SP-STR-108,Unpublished,,Neighborhood Spotlight,Have you heard about the Sunset Park author coming to the library?,N/A,"There's a Sunset Park author appearing at the library for the monthly book group. Do you know who she is? What does she write about, and does it connect to the neighborhood she comes from? This one has a natural starting point — the event — and a wider story waiting behind it.",Unclaimed,,,,Unassigned,Unassigned,,,In late April a Sunset Park author is going to be making an appearance at the library for the monthly book group. (The group is reading and discussing her book that month.) I can get details from the librarians; I don't think it's posted on the website yet. Likely to be the last Thursday of the month (April 30) This could be an article idea for May but probably a pretty short time to write it.,
NYC-SP-STR-109,Unpublished,,Nature,Where does your bulk trash actually go?,N/A,"Every week, sofas and mattresses and mystery appliances appear on Sunset Park sidewalks. Then they disappear. Where do they go? Who picks them up? Is the system working the same on every block? This one could be as simple as following the truck, or as deep as the city's whole approach to bulk waste. You get to decide how far you want to take it.",Unclaimed,,Edy Radovic,,Unassigned,Unassigned,,,Emailed request,
NYC-SP-STR-110,Unpublished,,Neighborhood Spotlight,What does the Sunset Park Library's Young Adult librarian wish more people knew?,N/A,"The YA librarian at the Sunset Park branch reached out to the Sun on her own. What does she see teens reading, what does the branch offer them, and what does she wish more people knew? There may also be a standing YA books column hiding in this conversation.",On hold,,,Janet Li,Terry Parris Jr.,Unassigned,https://docs.google.com/document/d/1MbNkdwe9C_1aElw57RxEHrtuvC264xwyMrZ2FNQwb48/edit?tab=t.0,,"3/18/26 — Status moved from On Hold to Pitched. Heather Jensen (YA Librarian, Sunset Park + Mapleton branches) reached out via email as a fan of Bird of the Month. Terry replied 3/17 and explicitly pitched a YA Corner concept for the Sun — a few lines on upcoming books, short reviews or synopses from young community members. Heather is a live inbound contact and potential contributor.",Needs a story prompt (the community question this answers).
NYC-SP-STR-111,Unpublished,,Neighborhood News,What's happening at the rec center?,N/A,The Sunset Park Recreation Center has been here for generations. But what's actually going on inside it right now? Are the programs running? Is it getting what it needs? What do neighbors want from it that they're not getting? This could be a status check or a deeper look at what a rec center means to a neighborhood.,Unclaimed,,,,Unassigned,Unassigned,,,,
NYC-SP-STR-112,Unpublished,,Nature,Did you know oysters are coming back to New York Harbor?,N/A,"There are people working right now to bring oysters back to the waters off Sunset Park. They think it's possible. They think it matters. What does a cleaner harbor actually mean for a neighborhood that lives alongside it? Who's doing this work, and why? This story could go toward the science, toward the people, or toward what the waterfront was before and what it could be again.",Unclaimed,,,,Unassigned,Unassigned,,,,
NYC-SP-STR-113,Unpublished,,Neighborhood News,"When it rains hard, why do some streets flood?",N/A,"When a big rainstorm hits, certain streets in Sunset Park go underwater. You've probably seen it. But why those streets? Who's responsible for the drains, the pipes, the infrastructure underneath? Is anyone actually fixing it? This one starts with a puddle and goes as deep as you want to take it.",Unclaimed,,,,Unassigned,Unassigned,,,,
NYC-SP-STR-115,SPS: May 2026,05-2026,Business Spotlight,What's behind the counter at Patel Grocery?,What's Behind the Counter at... Patel Grocery,"Maureen C. and Carmen R. profiled Patel Grocery at 5303 4th Avenue, the Indian grocery Ishwar Patel opened in 1983 after arriving in Sunset Park from Gujarat in 1973 and working as a taxi driver, street vendor, and spice warehouse worker. His son Vipul, 34, has run the store since taking over in 2020, and the story covered the 15 varieties of lentils and the only fresh curry leaves in the area, the machete his father once kept behind the counter, customers coming from Bay Ridge and Midwood, the tariffs and shipping delays now squeezing the business, and the store's role during Diwali and Holi.",Answered,,,"Carmen Rivera, Maureen Cullen",Alfred Ng,Terry Parris Jr.,Patel Grocery,,7/5/26 — Published in May 2026 issue.  3/9/26 — Carmen and Maureen pivoted from Generoso's after no response. Patel's owner was friendly and eager to be interviewed. Carmen traveling most of April; targeting May or June issue.,
NYC-SP-STR-116,Unpublished,,Neighborhood Spotlight,What did Sunset Park look like in the past?,N/A,"Someone in this neighborhood has an old photo. Or a story their grandmother told them. Or a memory of a corner that looks completely different now. This is an open invitation — bring a historical image and a piece of what it means, and we'll pair them together. What moment do you want people to remember?",Unclaimed,,,,Unassigned,Unassigned,,,Cinthya suggested it as a way to pair a historical photo to each issue,
NYC-SP-STR-117,Unpublished,,Arts & Culture,Did you know the Irish Haven has been in the movies?,N/A,"The Irish Haven has shown up in films and on TV. But what's the actual story of this place? How long has it been here? Who are the regulars? What does it mean to be one of Sunset Park's oldest bars, and to have the cameras notice? This one starts with a barstool and a question.",Unclaimed,,,,Unassigned,Unassigned,,,,
NYC-SP-STR-118,Unpublished,,Neighborhood Spotlight,What can hundreds of photos of 4th Avenue tell us about how a neighborhood changes?,N/A,A Sunset Park resident has spent years photographing every business along 4th Avenue. This story opens the archive and asks what hundreds of photos of one street can tell us about how a neighborhood changes.,Unclaimed,,Maureen Cullen,,Unassigned,Unassigned,,,Shared by Maureen. Her husband has hundreds of photos of 4th Ave businesses.,Needs a story prompt (the community question this answers).
NYC-SP-STR-119,Unpublished,,Nature,"Who owns Sunset Park's vacant lots, and why are they empty?",N/A,"Empty lots sit behind fences all over the neighborhood. Who owns them, why are they empty, and what could go there? Start by picking two or three specific lots and following the paper trail.",On hold,,,Susan Parker,Terry Parris Jr.,Unassigned,Newsroom Vacant Lots PDF - layout.docx,,,Needs a story prompt (the community question this answers).
NYC-SP-STR-120,Unpublished,,Arts & Culture,What's going on inside Tabla Rasa Gallery?,N/A,Tabla Rasa Gallery has been quietly doing something interesting in Sunset Park. Who are the artists they show? Who comes through the door? What does it mean to run an independent gallery in this neighborhood — and who is it actually for? This one starts with a visit and a few good questions.,Unclaimed,,,,Unassigned,Unassigned,,,https://www.tablarasagallery.com/,
NYC-SP-STR-121,SPS: Summer 2026,07-2026,Arts & Culture,Who has been teaching Sunset Park's musicians for 26 years?,Teaching Generations of Sunset Park Musicians,"Madeline I. profiled Krassi Ivanchev, who has taught piano at the Sunset Park School of Music for 26 years after 15 years teaching in her native Bulgaria, where she earned bachelor's and master's degrees at the Academy of Music, Dance and Fine Arts in Plovdiv. The piece traced her 1999 move to New York and her hiring by school director Tom Piercy two months later, her weekend work leading four choirs as musical director of the Bulgarian Chorus-School Gergana, and what she tells students about discipline, confidence, and what learning music opens up.",Answered,,,Madeline Innocent,Terry Parris Jr.,Ciel Jimenez Petrinovic,,,Notes back to Madeline. Madeline has photos.,
NYC-SP-STR-122,Unpublished,,Fun,Which Sunset Park bodega has the best cat?,N/A,"Every bodega cat has a name. Every one has a story. Some got there by accident, some by invitation, some by sheer persistence. Sunset Park has a lot of bodegas, which means it has a lot of cats. This one is about finding them, meeting the people who love them, and figuring out what these particular animals say about the neighborhood they've decided to call home.",Unclaimed,,Anna Yang,,Unassigned,Unassigned,,,Inspired by Ahdya's bodega cats calendar,
NYC-SP-STR-123,SPS: Summer 2026,07-2026,Essay,What is it like to come out and learn to be yourself?,Learning to Be Myself,"Charlie D. wrote about coming to understand he was gay, from first wondering the summer before his senior year while watching Glee, to reading Heartstopper, to finding public figures who inspired him and coming out to his parents and closest friends. An editor's note explained the essay was written for Pride Month and held because the Sun did not publish in June, and Charlie closed by pushing back on the stereotype that theater or television makes someone gay.",Answered,,,Charlie Dewitt,Alfred Ng,Terry Parris Jr.,,,Sent to Charlie for approval. Have photos.,
NYC-SP-STR-124,Unpublished,,Neighborhood Spotlight,Whatever happened to Sunset Park's movie theaters?,N/A,"Sunset Park used to have movie theaters. Most of them are gone now. What did people watch there? Who remembers going? What do those buildings hold today? This is part history, part walking tour, part neighborhood memory — and it starts by asking the right people the right questions.",Unclaimed,,Maureen Cullen,,Unassigned,Unassigned,,,STR-130 asked the broader question — what happened to the buildings that used to be something else — which could carry a recurring series later.,
NYC-SP-STR-125,Unpublished,,Arts & Culture,Have you been to the waterfront park on the Sunset Park shore?,N/A,"Bush Terminal Park sits right on the Sunset Park waterfront, and a lot of people still don't know it's there. How did it get built? Who uses it, and for what? What does it feel like to stand at the edge of the neighborhood and look out at the water? This story starts with a walk.",Unclaimed,,,,Unassigned,Unassigned,,,,
NYC-SP-STR-126,SPS: May 2026,05-2026,Event Spotlight,What does a world-famous DJ set at Industry City say about how Sunset Park is changing?,A Nightlife Moment Comes to Industry City,"Susan P. wrote about Armin van Buuren's May 16 open-air DJ set at Industry City, using a StreetEasy subway ad about making a New York era last as her way into memories of the city's club scene at Sound Factory, Twilo, Cielo, and Webster Hall. The piece framed the booking as unusual for a place better known for makers and small businesses, and as one more sign of how Sunset Park keeps changing, with event details and ticket information running alongside.",Answered,,,Susan Parker,Terry Parris Jr.,Alfred Ng,Mai (May Submission),,7/5/26 — Published in May 2026 issue.  Drafted article for the May issues,
NYC-SP-STR-127,Unpublished,,Neighborhood Spotlight,What's the history behind our street names?,N/A,"Every street in Sunset Park has a name, and every name has a reason. Who were these people? When were the streets named, and by whom? Do the names still mean anything to the people who live on them? This one could be a short dig into the history books or a longer conversation with the block.",Unclaimed,,,,Unassigned,Unassigned,,,,
NYC-SP-STR-128,Unpublished,,Neighborhood News,Where does the NYPD train its K-9 dogs?,N/A,"Somewhere in Sunset Park, the NYPD trains its K-9 units. The facility is here, in the neighborhood. Where exactly is it? What happens inside? How do neighbors feel about having it here? This is a story about something most people don't know exists — and would probably want to.",Unclaimed,,,,Unassigned,Unassigned,,,Mattie mentioned it and googled it,
NYC-SP-STR-129,Unpublished,,Neighborhood News,Is there a community science lab in Sunset Park?,N/A,"Genspace is a community biology lab that opens science to anyone curious enough to show up. Is there a connection to Sunset Park? Could there be? This story needs some digging before it takes shape. Whatever you find, the question of what community science access looks like here is worth asking.",Unclaimed,,Angela Sharp,,Unassigned,Unassigned,,,FLAG FOR REVIEW: Genspace is a community biology lab. Unclear if there is a Sunset Park location or connection — needs verification before this story moves forward.,
NYC-SP-STR-131,Unpublished,,Business Spotlight,What keeps people coming back to Don Paco?,N/A,"Don Paco has been part of this neighborhood for a long time. People keep coming back. But what's the actual story — who runs it, how long have they been here, what have they seen change? This is an invitation to walk in, sit down, and ask.",Unclaimed,,,,Unassigned,Unassigned,,,,
NYC-SP-STR-132,Unpublished,,Neighborhood News,Did you know there's a federal detention facility in Sunset Park?,N/A,There's a federal detention facility in Sunset Park. A lot of people walk by it every day without knowing it's there. What is it? Who is held inside? What does it mean to live next to something like this — and what do neighbors think about it?,Unclaimed,,Ray Acheson,,Unassigned,Unassigned,,,"4/8/26 Ray - I probably won’t have time to work on it until June or July though, as April and May are really busy for me with work. STR-173's framing was narrower: what's happening inside MDC Brooklyn, and who is being held there.",
NYC-SP-STR-133,Unpublished,,Event Spotlight,What does a Sunday morning in Sunset Park actually look like?,N/A,"What does a Sunday morning in Sunset Park actually look like — for you, your neighbor, the person who's been here forty years, the person who just moved in? This story follows one resident through their ritual. Where do they go? What do they notice? What makes Sunday in this neighborhood feel like itself?",Unclaimed,,Mattie Akers,,Unassigned,Unassigned,,,3/10/26 — Mattie flagged this may combine with the Music Teacher story (SPS-0121) into a single Sunday Routine piece. Not yet confirmed.,
NYC-SP-STR-134,Unpublished,,Arts & Culture,Who's been photographing Sunset Park all these years?,N/A,"Someone in Sunset Park has been photographing the streets and the people on them for years. There's an archive. What's in it? What has the camera caught that memory alone would've let go? This could be a conversation, a photo essay, a portrait of someone who decided to pay attention.",Unclaimed,,Carmen Rivera,,Unassigned,Unassigned,,,Photographers of sunset park,
NYC-SP-STR-135,Unpublished,,Event Spotlight,What caption would you give this photo of Sunset Park?,N/A,"Reader participation. We run a photo from the neighborhood, readers send in captions, we print the best ones. Someone needs to pick the photo and figure out how people send answers back.",Unclaimed,,,,Unassigned,Unassigned,,,,
NYC-SP-STR-136,Unpublished,,Business Spotlight,Did you know City League Coffee is roasting right here?,N/A,"There's a coffee roastery in Sunset Park. City League Coffee is doing it right here in the neighborhood. How did that happen? Who decided to build something like this here, and why? What does it mean to source, roast, and sell coffee in a place like Sunset Park? This could go toward the people, the process, the business — or all three.",Unclaimed,,Charlie Dewitt,,Unassigned,Unassigned,,,Charlie mentioned,
NYC-SP-STR-137,Unpublished,,Neighborhood Spotlight,Who is the birdman of Sunset Park?,N/A,"Somewhere in Sunset Park, there's a man who's become a quiet fixture among the neighborhood's birds and birders. Who is he? What does he know that most people walking by don't? This is a profile waiting to happen — start with curiosity and see where it leads.",Unclaimed,,Angela Sharp,,Unassigned,Unassigned,,,,
NYC-SP-STR-139,Unpublished,,Nature,What resources are available to Sunset Park families facing violence?,N/A,"November is Domestic Violence Awareness Month. What resources actually exist for people in Sunset Park who need help? Which organizations are doing the work? What are they seeing, and what do they say makes a difference? This story could be a guide, a set of portraits, or a deep look at one organization — but it starts by asking who's here and what they're doing.",Unclaimed,,Cinthya Orrala,,Unassigned,Unassigned,,,November Women Against Violence month,
NYC-SP-STR-141,Unpublished,,Business Spotlight,"Who runs Generoso's, and what keeps the neighborhood coming back?",N/A,"An Italian bakery and sandwich shop that's been feeding the neighborhood a long time. Who runs it now, who ran it before, and what keeps people coming back? Food, family, and a block that's changed around them.",On hold,,,Cinthya Orrala,Unassigned,Unassigned,,,"7/5/26 — On hold per 6/8 meeting: owner overwhelmed (staff quit, moving), photos in boxes. Follow up when the owner is ready.  3/17/26 — Cinthya spoke to Mariana at Generosos Bakery and Pizzeria and she agreed for an article to be published in the Sunset Park Sun. They have been in business for 36 years. She has been a customer of the bakery for many decades. She will send her the interview questions by email later on this week. Hopes to have this article ready for the May issue.  3/9/26 — Carmen unable to get interview after repeated outreach; Generoso's kept giving the runaround. Cinthya expressed interest in picking it up — not yet confirmed. Carmen and Maureen pivoting to Patel's instead.",
NYC-SP-STR-142,Unpublished,,Neighborhood News,What's going on with the burned building near P.S. 169?,N/A,"Near P.S. 169, a building at 702 44th Street has been wrapped in scaffolding since a fire. It's been a while. Residents say it might be a bat habitat. The owner is unclear. The timeline is murky. Who's responsible? What do neighbors want? This story has layers — pick the one that interests you most and start pulling.",Unclaimed,,,,Unassigned,Unassigned,,,"3/9/26 — Michal pitched the building at 702 44th St near P.S. 169 where scaffolding has been up since a fire. Ciel added angle: building may be a bat habitat; suggested reaching out to Urban Bats NYC. Terry offered multiple angles: community interviews, scaffolding explainer, vacancy survey, tracking progress. Not time-sensitive, no owner yet. See also: Sunset Post covered the building — https://www.sunsetpost.org/en/stories/burned-out-condo-stuck-between-insurance-gaps-and-tenant-rights",
NYC-SP-STR-143,Unpublished,,Community Resources,Do you know how to wear your baby safely?,N/A,"Babywearing is popular in Sunset Park, but a lot of new parents aren't sure how to do it safely. What are the basics? Who teaches it locally? Are there programs or community connections that can help? This story could be a guide, a conversation with an educator, or a way to connect parents with resources they didn't know existed.",Unclaimed,,,,Unassigned,Unassigned,,,"3/9/26 — Pitched by Ciel, seconded by Michal. Terry endorsed and suggested pairing with a library event/program — potentially partnering with @weartogethernyc or a babywearing educator. Terry framed this as a model: story + public program component.",
NYC-SP-STR-144,Unpublished,,Neighborhood News,What's it like to take the Sunset Park ferry?,N/A,"There's a ferry route that connects Sunset Park to the East Side of Manhattan. It exists. But who's actually using it? Is it making a difference for the people who live here, or is it mostly for someone else? This one could start at the dock and go from there.",Unclaimed,,,,Unassigned,Unassigned,,,"3/10/26 — Mattie interested in exploring the new ferry route from Sunset Park up the East Side of Manhattan. Vague, no timeline.",
NYC-SP-STR-145,Unpublished,,Neighborhood Spotlight,Do you know the story behind those church bells on 42nd Street?,N/A,"On 42nd Street, there's a church with a bell tower that's been ringing over the neighborhood for generations. Do you know which one? Do you know its history? This could be a story about the building, the parish, the people who still come — or just about what it means to hear those bells and wonder where they're coming from.",Claimed,,,Angela Sharp,Unassigned,Unassigned,,,"7/5/26 — Claimed by Angela per May editorial meeting (Terry's 5/16 recap).  3/10/26 — Mattie hears church bells and wants to find the source. Michal suggested St. Michael's on 42nd and 4th (prominent bell tower, historically second-tallest building in Brooklyn, old parish). Could expand to a building/history story. Vague, no timeline.",
NYC-SP-STR-147,Unpublished,,Arts & Culture,Have you ever been to the Morbid Anatomy Museum?,N/A,"The Morbid Anatomy Museum is in Sunset Park, and it hosts free events that draw curious people from all over the city. What happens inside? Who runs it? Who shows up? This one starts with a visit and an open mind — and probably ends somewhere unexpected.",Unclaimed,,,,Unassigned,Unassigned,,,"3/10/26 — Mattie wants to interview the folks behind the Morbid Anatomy Museum or cover a free event they host. Vague, no timeline.",
NYC-SP-STR-148,SPS: April 2026,04-2026,Event Spotlight,How do you join the Sunset Park Sun's bird walk?,Join us for Bird Watching!,"The Sunset Park Sun team announced an April 19 birding walk through the neighborhood, taking Charlie DeWitt's Bird of the Month feature off the page and out to the park, the waterfront, and nearby green spaces. The piece looked back at the hawks, geese, swans, cormorants, and monk parakeets the column has followed, described the walk as informal rather than expert-led, and told readers to RSVP for the 3 p.m. start at the MADE Campus at Bush Terminal.",Answered,,,"Terry Parris Jr., Charlie Dewitt",Terry Parris Jr.,Alfred Ng,Bird Walk Copy,,,
NYC-SP-STR-150,SPS: May 2026,05-2026,Community Resources,"What is AANHPI Heritage Month, and how does Sunset Park celebrate it?",Celebrating Asian American and Native Hawaiian/Pacific Islander Heritage Month in Sunset Park,"Susan P. explained what AANHPI Heritage Month is and how it came to be observed each May, tracing it from the 1978 congressional week marking the 1843 arrival of the first Japanese immigrants and the 1869 completion of the transcontinental railroad through the 1990 and 1992 acts designating the full month. She wrote it partly as personal essay, drawing on a Jeff Chang and Katie Gee Salisbury conversation about Bruce Lee and Anna May Wong at the Center for Brooklyn History, a Korean proverb about the name a person leaves behind, and the roughly 24 percent of area residents who identify as Asian, with a companion page listing local language classes, restaurants, and books.",Answered,,,Susan Parker,Terry Parris Jr.,Alfred Ng,May Submission AANHPI,,7/5/26 — Published in May 2026 issue.,
NYC-SP-STR-151,Unpublished,,Arts & Culture,What's happening at Green-Wood this Memorial Day?,N/A,"Green-Wood Cemetery hosts concerts and events around Memorial Day each year. This story would cover what's coming up, why the cemetery has become a cultural destination, and what it means for Sunset Park neighbors to have this space right next door.",On hold,,,,Unassigned,Unassigned,,,7/5/26 — Archived: Memorial Day passed without pickup. Revisit May 2027.  4/10/26 — Memorial Day tie-in. Story for May issue.,
NYC-SP-STR-152,SPS: May 2026,05-2026,Arts & Culture,What brought debut novelist Sara Gothelf Bloom to the Sunset Park Library?,Sunset Park Library Hosts Local Author Sara Gothelf Bloom,"Mattie A. covered Sara Gothelf Bloom's appearance at the Sunset Park branch of the Brooklyn Public Library, where the debut novelist spoke with Adult Librarian Jay Rosen about Just Enough to Start Over, her novel following two sisters who flee Nazi Germany in the late 1930s carrying their creative lives with them. The evening included two readings and a Q&A, and Bloom described the 25 years the book took to finish, the idea's origins while she was teaching Yiddish songs in Germany, her Flatbush upbringing, and the parallels she draws between Jewish refugees and her new Sunset Park neighbors.",Answered,,,Mattie Akers,Terry Parris Jr.,Alfred Ng,,,7/5/26 — Published in May 2026 issue. Written by Mattie Akers.  4/10/26 — Event is April 30 at 6pm at Sunset Park branch. Attend and write. Story for May issue.,
NYC-SP-STR-153,SPS: May 2026,05-2026,Arts & Culture,What is the real history behind Cinco de Mayo?,The History Behind Cinco de Mayo,"SimVio explained the history behind Cinco de Mayo, the May 5, 1862 Battle of Puebla in which General Ignacio Zaragoza's outnumbered Mexican army defeated the larger French force led by General Charles de Lorencez. The piece traced how the victory became a symbol of resistance and national pride, noted the holiday's more festive turn in the United States, and pointed readers to Sunset Park's own Puebla connections — the walk down 5th Avenue from 36th to 59th Street, and Cinco de Mayo Place, co-named at 43rd Street on May 7, 2017.",Answered,,,SimVio,Terry Parris Jr.,Alfred Ng,,,"7/5/26 — Published in May 2026 issue as ""The History Behind Cinco de Mayo.""  4/10/26 — Raised by Alfred. Story for May issue.",
NYC-SP-STR-154,Unpublished,,Neighborhood News,May is Bike Month. What does that mean in Sunset Park?,N/A,"May is National Bike Month, and Bike to Work Day falls in the middle of it. This story could follow a Sunset Park commuter, cover local cycling infrastructure, or connect to the neighborhood's relationship with the waterfront and greenways.",On hold,,,,Unassigned,Unassigned,,,"7/5/26 — Archived: seasonal story, didn't run in May. Revisit May 2027.  4/10/26 — Raised by Alfred. Bike to Work Day angle. Story for May issue.",
NYC-SP-STR-155,Unpublished,,Neighborhood News,What does May Day mean to workers in Sunset Park?,N/A,"May 1st is International Workers Day, and Sunset Park has one of the most working-class histories of any neighborhood in Brooklyn. This story connects the global day to local voices — who observes it here, what it means, and what labor looks like in the neighborhood today.",On hold,,,,Unassigned,Unassigned,,,"7/5/26 — Archived: seasonal story, didn't run in May. Revisit May 2027.  4/10/26 — Raised by Mattie. Story for May issue.",
NYC-SP-STR-156,Unpublished,,Neighborhood Spotlight,Who are the cat moms of Sunset Park?,N/A,"A Mother's Day story with a twist — the people in Sunset Park who care for neighborhood cats, manage feral colonies, or just happen to be devoted cat parents. Light, warm, and very shareable.",Unclaimed,,,,Unassigned,Unassigned,,,"7/5/26 — Unlinked from May (didn't run). Keeping alive as evergreen. Related record: ""Which Sunset Park bodega has the best cat?"" — bodega cats came up again at the 6/8 meeting.  4/10/26 — Raised by Cinthya. Story for May issue.",
NYC-SP-STR-157,Unpublished,,Neighborhood Spotlight,Whose flags fly in Sunset Park?,N/A,"Flag Day is June 14th. Sunset Park is one of the most diverse neighborhoods in Brooklyn, and the flags on storefronts, homes, and street poles tell a story about who lives here and where they came from. This is a visual and reported piece about who calls this neighborhood home.",On hold,,,,Unassigned,Unassigned,,,7/5/26 — Archived: Flag Day passed without pickup. Revisit June 2027.  4/10/26 — Raised by Edy. Originally noted as WTC Museum flags — redirected to a Flag Day / neighborhood identity story. Story for June issue.,
NYC-SP-STR-162,Unpublished,,Neighborhood News,"Why is the Sunset Park pool closed, and will it open this summer?",N/A,"The Sunset Park pool has been closed due to a citywide lifeguard shortage. Mayor Adams has proposed a Summer Youth program that could help address staffing, but lifeguard training courses don't reopen until October — after the summer season ends. There's also a Lifeguard Union that may have a role in the shortage. This story follows the question neighbors are actually asking: will the pool be open this summer, and who's responsible for making that happen?",Unclaimed,,,,Unassigned,Unassigned,,,4/10/26 — Raised at editorial working group 4/10. Lifeguard shortage + Summer Youth program + union angle. Courses reopen October — note for follow-up next year.,
NYC-SP-STR-163,Unpublished,,Neighborhood News,Why does so much city infrastructure end up in neighborhoods like Sunset Park?,N/A,"Sunset Park is home to a disproportionate number of city infrastructure and industrial facilities — a prison, trash transfer stations, a peaker plant for electricity. This story asks the question directly: why here? Who decided, when, and what's the history behind these siting decisions? This story follows the decisions — when they were made, by whom, and what the tradeoffs were.",Unclaimed,,,,Unassigned,Unassigned,,,"4/10/26 — Raised at editorial working group 4/10. Clusters around the El Chapo prison transfer, trash facilities, and the peaker plant. Bay Ridge circulars as contrast — how do neighborhoods find out about these decisions? Long-form / investigative angle.",
NYC-SP-STR-164,SPS: Anniversary Issue,09-2026,Neighborhood Spotlight,25 years later: How did 9/11 change Sunset Park?,25 years later: How did 9/11 change Sunset Park?,"September 2026 marks the 25th anniversary of 9/11. The idea is a dedicated issue that explores how Sunset Park experienced and responded to that day — the bucket brigades that came from the neighborhood, the firefighters across from the library, memorials, and how the neighborhood changed in the years after. Could include neighbor profiles, firefighter interviews, and archival research.",Unclaimed,,,,Unassigned,Unassigned,,,"4/10/26 — Raised at editorial working group 4/10. Story elements: bucket brigades, wind/archival records, firehouse across from library, neighborhood profiles, memorials. September issue, 25th anniversary. Connects to civil services thread.",
NYC-SP-STR-165,Unpublished,,Neighborhood News,"How much has rent gone up in Sunset Park, and why?",N/A,"Neighbors want to understand rent trends in Sunset Park — when increases happened, whether and how much they've changed, and what's driving them. Data sources like Zillow and city property records could anchor this with real numbers. A reported piece could connect the data to actual tenants and landlords.",Unclaimed,,,,Unassigned,Unassigned,,,"4/10/26 — Raised at editorial working group 4/10. Data angle: Zillow, city housing data. Connects to broader money/ownership cluster raised by Anna Yang. Needs a data-comfortable writer.",
NYC-SP-STR-166,Unpublished,,Nature,"Is there a community garden in Sunset Park, and how do you start one?",N/A,"Is there a community garden in Sunset Park? Someone mentioned a possible garden under the BQE, but it's unconfirmed. Beyond finding out what exists, this story could also explore how a resident would go about starting a new one — the process, the partners, the obstacles.",Unclaimed,,,,Unassigned,Unassigned,,,"7/5/26 — From Terry's 5/16 unassigned list: youth community gardens angle, plus Colibrí Garden near 36th Street / Green-Wood edge as a possible subject.  4/10/26 — Raised by Anna Yang at editorial working group 4/10. Possible existing garden under BQE (unconfirmed). Anna expressed interest and may want to write this.",
NYC-SP-STR-167,Unpublished,,Neighborhood News,"Who owns Sunset Park, and how do you find out?",N/A,"Who holds the licenses, owns the buildings, and collects the rents in Sunset Park? This story would be a guide to following money in a neighborhood — property records, business licenses, city data — and could connect to larger development and displacement stories.",Unclaimed,,,,Unassigned,Unassigned,,,"4/10/26 — Raised by Anna Yang at editorial working group 4/10. Industry City as anchor example. Property records, licensing, ownership data. Pairs with rent story (NYC-SP-STR-165).",
NYC-SP-STR-168,Unpublished,,Neighborhood Spotlight,"Who has called Sunset Park home, and when?",N/A,"Sunset Park has been shaped by wave after wave of immigrant communities. This story traces that history — who came, when, why, and what drew them specifically to this neighborhood. Told through people still here, archival records, and the visible traces of each community in the built environment.",Unclaimed,,,,Unassigned,Unassigned,,,"4/10/26 — Raised at editorial working group 4/10. Focus on historical immigration patterns, community memory, why Sunset Park specifically. People + archival approach.",
NYC-SP-STR-169,Unpublished,,Neighborhood News,"What do firefighters, police, and sanitation actually do in Sunset Park?",N/A,"Residents raised specific stories about city services not responding as expected. This story takes a broader look at what services are available to Sunset Park residents, how they work, and where neighbors say the gaps are. The firehouse across from the library is a good entry point.",Unclaimed,,,,Unassigned,Unassigned,,,"4/10/26 — Raised at editorial working group 4/10. Specific anecdotes: cat rescue, substance abuse response at firehouse. Firehouse across from library as possible profile subject. Connects to 9/11 anniversary issue thread (NYC-SP-STR-164).",
NYC-SP-STR-171,SPS: May 2026,05-2026,Nature,Where do Sunset Park's flowers bloom for Mother's Day?,N/A,"SimVio marked Mother's Day falling on May 10, 2026 in both the United States and Mexico with a walk through the neighborhood's flowers, noting the cherry blossoms around 45th and 52nd Streets between 5th and 6th Avenues, the larger collection at Green-Wood Cemetery, and the Brooklyn Botanic Garden's guidance that the season can run from late March into May. She explained what sakura symbolize in Japanese culture, and closed at Pastelería Capy on the corner of 56th Street and 5th Avenue, the tres leches bakery originally from Atlixco, Puebla that arrived in New York in 2008.",Answered,,,"SimVio, Ray Acheson",Terry Parris Jr.,Ciel Jimenez Petrinovic,,,"7/5/26 — Published in May 2026 issue as ""Mother's Day in Bloom,"" photos by Ray A.",
NYC-SP-STR-174,SPS: Summer 2026,07-2026,Welcome Note,"What do Sunset Park's two summers look like — the one at the pool, and the one where budgets stretch?",N/A,"Terry Parris Jr. opened the summer issue on the two summers running side by side in Sunset Park: the season of pools, stoops, and melting ice cream, and the one where families stretch a budget further because school meals stop for a few months. He wrote that the issue held both kinds of stories without the team planning it that way, and argued that what search engines and AI cannot tell you is which places neighbors actually recommend and which stories they think deserve to be shared.",Answered,,,Terry Parris Jr.,Alfred Ng,Unassigned,,,Need to write,
NYC-SP-STR-175,SPS: Summer 2026,07-2026,Neighborhood Spotlight,Where do Sunset Park neighbors go to make the most of summer?,N/A,"Ciel J.P. and the Sunset Park Sun team built a guide to summer out of contributors' and neighbors' own recommendations, covering Sunset Park Pool, the library as a place to cool off, and four green spaces — Sunset Park, Bush Terminal Piers Park, Green-Wood Cemetery, and Owl's Head Park — each with a ""Don't Miss"" note and a tip from a neighbor. It closed with traditions readers could borrow, from Fred's ride to the park and Ciel's evening on the stoop to Carmen's happy hour and Angela's barbecue, alongside a guide within the guide to ice cream and cold treats at Sweet Dynasty, Amy Grocery Mini-Market, and Breeze Cafe, plus summer fruit, cool drinks, and the neighborhood's two CSAs.",Answered,,,"Ciel Jiménez Petrinovic, Sunset Park Team",Terry Parris Jr.,Alfred Ng,,,Ciel / Terry working. Illustrations or ask for photos.,
NYC-SP-STR-176,SPS: Summer 2026,07-2026,Nature,What happened on the Sunset Park Sun's first bird walk?,N/A,"Charles Velasquez-Witosky of The Sunset Post and Terry Parris Jr. covered the first joint community bird walk on May 23, when more than 20 neighbors gathered at MADE Bush Terminal and walked the waterfront and Bush Terminal Park's wooded trail loop, led by the Sun's Charlie DeWitt and the Post's bird columnist Nick Dawson. The piece ran with an editor's note that a version first appeared in The Sunset Post, and quoted DeWitt, Dawson, a birder named Caroline who came hoping to see an osprey, and Cinthya Orrala on holding more events outside the library.",Answered,,,"Charles Velasquez-Witosky, The Sunset Post, Terry Parris Jr., The Sunset Park Sun",Rebecca McCray,Terry Parris Jr.,,,Sent to the Post (republishing). Photos from Nick.,
NYC-SP-STR-177,SPS: Summer 2026,07-2026,Community Resources,Where can you cool off in Sunset Park when it's dangerously hot?,N/A,"Cinthya O. explained how New York City opens free cooling centers during heat emergencies and warned that locations and hours change with each one, so readers should call 311 or check the NYC Cool Options Finder before leaving home. The piece named who is most at risk from extreme heat, listed the Sunset Park Library, Petco, and six older adult centers with addresses and phone numbers, and gave the signs of heat stroke that warrant calling 911.",Answered,,,Cinthya Orrala,Terry Parris Jr.,Rebecca McCray,,,7/5/26 — Draft in Summer 2026 planner. Cinthya visited a cooling center 7/2 to gather more info for a blurb in the guide.,
NYC-SP-STR-178,SPS: Summer 2026,07-2026,Nature,Where can you spot a bald eagle in Sunset Park?,N/A,"Charlie D.'s Bird of the Month marked the country's 250th anniversary with the bald eagle, describing where to spot it over Green-Wood Cemetery, Sunset Park, and Bush Terminal Piers Park hunting for fish. The piece traced the population's decline under DDT and its recovery after the 1972 ban, noted the bird was only formally recognized as the national bird in 2024, and covered its treetop nesting, opportunistic feeding, and the cartwheel courtship display.",Answered,,,Charlie Dewitt,Alfred Ng,Terry Parris Jr.,,,DONE. Nick shared bald eagle photo.,
NYC-SP-STR-179,SPS: Summer 2026,07-2026,Community Resources,How will the new SNAP work requirements affect Sunset Park families?,N/A,"Cinthya O. and Terry Parris Jr. reported on the SNAP changes made by the One Big Beautiful Bill Act, which expanded work requirements from March 1, 2026 and could affect thousands of the 23,112 Sunset Park residents who received benefits in 2025, roughly one in five people in the neighborhood. The story explained eligibility and benefit amounts, cited the Center on Budget and Policy Priorities' estimate that more than 4 million people stopped receiving SNAP between July 2025 and March 2026, laid out who is exempt and what to do after a notice from HRA, and ran with a directory of neighborhood food pantries, hot meal programs, and mobile markets including Center for Family Life, Mixteca, City Harvest, and St. Michael's.",Answered,,,"Cinthya Orrala, Terry Parris Jr.",Terry Parris Jr.,Alfred Ng,,,Terry reworking. Illustrations / clip art?,
NYC-SP-STR-180,Unpublished,,Business Spotlight,"Who is Fernando, the $30 chiropractor on 60th and 3rd?",N/A,"A personal story about Fernando's chiropractic practice at 60th St and 3rd Ave — $30, quick 10-minute sessions, open Friday through Monday.",On hold,,,Violeta,Terry Parris Jr.,Ciel Jimenez Petrinovic,,,Need to rework; sent back to discuss.,
NYC-SP-STR-181,Unpublished,,Neighborhood Spotlight,"Who organizes Sunset Park's Puerto Rican Day celebration, and what does it mean to the families who show up every year?",N/A,"Sunset Park has its own Puerto Rican Day celebration. Who organizes it, how long has it been running, and what does it mean to the families who show up every year? Best reported from inside the parade.",Past,,,Ciel Jiménez Petrinovic,Unassigned,Unassigned,,,"7/5/26 — On the 6/2 ""stories we may have"" list (Ciel). Parade was June 14; no update since — check status with Ciel.",Needs a story prompt (the community question this answers).
NYC-SP-STR-182,Unpublished,,Neighborhood News,Where is Sunset Park watching the World Cup?,N/A,"The World Cup runs June 11 to July 19. Where are neighbors watching — which bars, restaurants, plazas, living rooms? A guide to the neighborhood's viewing spots and the communities gathering around each team.",Past,,,"Cinthya Orrala, Alfred Ng",Terry Parris Jr.,Ciel Jimenez Petrinovic,,,Cinthya started research; Alfred reaching out to Sunset Park BID. Listed under Future Story Ideas at the June 8 meeting.,
NYC-SP-STR-183,Unpublished,,Arts & Culture,"Who paints Sunset Park's murals, and what do they say about the neighborhood?",N/A,"A feature on the neighborhood's murals — who paints them, who commissions them, and what they say about Sunset Park.",Unclaimed,,,,Unassigned,Unassigned,,,"7/5/26 — Raised at 6/8 meeting. Threads: the Japanese couple's mural, the community bird mural at the cemetery, and MADE.",
NYC-SP-STR-184,Unpublished,,Arts & Culture,What's the story of puppetry in Sunset Park?,N/A,"Puppet Works is moving to Industry City, and a puppet truck roams the neighborhood. What's the story of puppetry in Sunset Park?",Unclaimed,,,,Unassigned,Unassigned,,,7/5/26 — Raised at 6/8 meeting.,
NYC-SP-STR-185,Unpublished,,Fun,What would your dream summer ice cream cone look like?,N/A,A coloring page for the summer issue: an ice cream cone with draw-your-own toppings.,Unclaimed,,,,Unassigned,Unassigned,,,7/5/26 — Fun-content idea from 6/8 meeting; Charlie may design. Not yet in the Summer planner draft.,
NYC-SP-STR-186,SPS: Anniversary Issue,09-2026,Neighborhood Spotlight,"What do you love about Sunset Park, and what do you hope for its future?",N/A,"Contributors and neighbors write love letters to Sunset Park — memories, reflections, appreciations — anchoring the anniversary issue. Could grow into a community campaign with QR-code flyers around the neighborhood inviting submissions.",Unclaimed,,,,Unassigned,Unassigned,,,"7/5/26 — Ciel's idea; Terry endorsed enthusiastically in the 5/16 recap. Anniversary issue anchor; issue now targeted for September per 6/30 meeting.  7/27/26 — Terry merged Love Letters to Sunset Park with 'What are your hopes for Sunset Park?' (STR-191) into one community prompt. Invites short responses, memories, drawings, or photos. Outreach through the email list, the library, the council member's office, the Community Board, and the BID, plus physical response boxes at places like Yafa, the council member's office, and Sunset Stoop. Open tasks: flyer or submission form, siting and decorating the boxes, and direct outreach to residents, businesses and organizations.",
NYC-SP-STR-187,SPS: May 2026,05-2026,Welcome Note,What happened when a neighborhood answered its own questions for twelve issues?,12 Issues with Neighbors,"Terry Parris Jr. marked the twelfth issue by returning to the question the Sunset Park Sun started from in early 2025: what would happen if a neighborhood answered its own questions. He counted what followed — nearly 100 stories since the first issue in June 2025, public editorial meetings, shared meals, and drafts worked through together, covering housing, food, birds, small businesses, and community history — ran the covers of all twelve issues as a record of it, announced a pause in June and a larger anniversary issue in July, and asked readers what the Sun should be covering and what it was missing.",Answered,,,Terry Parris Jr.,Rebecca McCray,,,,,
NYC-SP-STR-188,SPS: May 2026,05-2026,Neighborhood News,"What is a CSA, and how do you join one in Sunset Park?",CSA Season Returns to Sunset Park,"Angela S. explained what a CSA is and laid out the two operating in Sunset Park as 2026 signups opened through May 27: the volunteer-run Sunset Park CSA, founded in 2008, which distributes at St. Michael's Church on 42nd Street on Wednesdays from June 3 to November 11 and asks members to work a few shifts a season, and Harvest Share, launched in 2022 on the Brooklyn Grange rooftop at Industry City in partnership with NYU Langone. The piece detailed Harvest Share's Tuesday pickups from May 26 to October 6, its choice between a Chinese produce box grown on-site and a Mexican box grown at Angel Family Farm upstate, the sliding-scale and subsidized pricing that brings them to $7 and $11 a week with SNAP accepted, and the surveys members complete in place of volunteer hours.",Answered,,,Angela Sharp,Terry Parris Jr.,Ciel Jimenez Petrinovic,,,,
NYC-SP-STR-189,SPS: May 2026,05-2026,Event Spotlight,"When is the next neighborhood bird walk, and how do you join?",Join Us for Bird Watching (Rescheduled for May 23),"The Sunset Park Sun team announced a new date for the birding walk that had been called off for weather on April 19, setting it for Saturday, May 23, meeting at the MADE Campus at Bush Terminal at 10 a.m. to explore the park, nearby green spaces, and the waterfront. The notice described the walk as an informal neighborhood outing rather than an expert tour, named the volunteers leading it — Charlie DeWitt, whose Bird of the Month column the walk grows out of, and Nick Dawson, a Sunset Park resident who writes a monthly bird column for The Sunset Post — and promised attendees a special Bird of the Month edition of the Sun.",Answered,,,the Sunset Park Sun,Terry Parris Jr.,Alfred Ng,,,,
NYC-SP-STR-191,SPS: Anniversary Issue,09-2026,Neighborhood Spotlight,What are your hopes for Sunset Park?,N/A,"Not a reported story. A question to answer out loud, on paper, or however you want to get it back to us. What do you want this neighborhood to look like in a year, in ten years, for whoever comes after you? Short answers are welcome. So are long ones.",Unclaimed,,,,Unassigned,Unassigned,,,"7/27/26 — Merged into STR-186 per Terry's 7/27 email. The hopes question is now half of the combined community prompt 'What do you love about Sunset Park, and what do you hope for its future?'. Row kept, not deleted. Story state left unchanged: this sheet's Story state vocabulary has no retired or merged value.",
NYC-SP-STR-192,SPS: Anniversary Issue,09-2026,Neighborhood Spotlight,What other anniversaries is Sunset Park marking this year?,N/A,"The Sun turns one this year, but we're not the only thing with a birthday. A business, a building, a block association, a church, a park, a person. What else is marking a year, a decade, a century? This one starts with a list and turns into a story.",Unclaimed,,,,Unassigned,Unassigned,,,"Your framing: our anniversary, but plural — other anniversaries in the neighborhood.  7/27/26 — Terry narrowed the scope: one or two people report it out and gather a handful of short items. Explicitly not a second community-wide prompt.",
NYC-SP-STR-193,SPS: Anniversary Issue,09-2026,Business Spotlight,"Who's behind the storefront gates of Sunset Park, and what do they say about a block?",N/A,"The gates on Sunset Park's storefronts and buildings are everywhere and almost invisible. Who paints them, who pulls them down at night, what do they say about a block? A Sunset Stoop treatment could be mostly pictures with a little text, or a walk down one avenue.",Unclaimed,,,,Unassigned,Unassigned,,,"7/27/26 — Terry: this is a traditional reported story, and the first step is talking with the folks at Sunset Stoop. Resolves the open question of whether this was a photo feature on the gates or a follow-up to the March Sunset Stoop story.",
NYC-SP-STR-194,SPS: Anniversary Issue,09-2026,Neighborhood News,What did the BID's survey of local businesses actually find?,N/A,"The Business Improvement District ran a survey of local businesses. What did it actually find, and does it match what business owners say when you ask them directly? This one starts with the numbers and gets interesting when you take them back to the block.",Unclaimed,,,,Unassigned,Unassigned,,,"You wrote this with a question mark, so I have logged it as uncertain rather than planned.  7/27/26 — Terry owns the next step: he is contacting the BID to see whether the survey results are available and whether there is something useful we can do with them. Stays unassigned until he reports back.",
NYC-SP-STR-196,SPS: Anniversary Issue,09-2026,Welcome Note,What did the Sunset Park Sun get right in its first year — and what did it miss?,N/A,"A year of a neighborhood paper made by the neighborhood. What did we publish, what did we get right, what did we miss, and what did people tell us along the way? This is the reflection piece, and it should sound like more than one person.",Unclaimed,,,,Unassigned,Unassigned,,,"7/27/26 — Terry's 'Looking back' section from the 7/27 email. One gathered set of short reflections running through the issue, not separate stories. Four questions: What was your favorite story or moment from the past year? What have you learned from making the Sun? Is there a story we published that you would like to revisit now? What has changed since we began? The fourth question is new in the 7/27 email. Absorbs STR-197, STR-198 and STR-199. Open: Terry wrote 'one year (or two years?)' — the count is unsettled. Open: Section is still Welcome Note, which is probably wrong for a gathered section.",
NYC-SP-STR-197,SPS: Anniversary Issue,09-2026,Neighborhood Spotlight,Does anyone want to revisit a story they wrote?,N/A,"You wrote something for the Sun this year. What happened after? Did the business close, did the person move, did anything change because the story ran, or did you just keep thinking about it? Pick your own piece and go back to it.",Unclaimed,,,,Unassigned,Unassigned,,,"Starts as an ask to contributors, not as reporting. The ask has to go out before this can be assigned.  7/27/26 — Folded into STR-196 (Looking back: One year of the Sunset Park Sun) per Terry's 7/27 email. Row kept, not deleted. Story state left unchanged.",
NYC-SP-STR-198,SPS: Anniversary Issue,09-2026,Fun,What was your favorite story this year?,N/A,"Reader and contributor question. Which piece from the last year stuck with you, and why? A sentence is enough. A paragraph is better.",Unclaimed,,,,Unassigned,Unassigned,,,"7/27/26 — Folded into STR-196 (Looking back: One year of the Sunset Park Sun) per Terry's 7/27 email. Row kept, not deleted. Story state left unchanged.",
NYC-SP-STR-199,SPS: Anniversary Issue,09-2026,Fun,What have you learned in a year of the Sunset Park Sun?,N/A,"For anyone who wrote, edited, illustrated, distributed, or just read it. What did you learn about reporting, about the neighborhood, about yourself? Honest answers, including the discouraging ones.",Unclaimed,,,,Unassigned,Unassigned,,,"7/27/26 — Folded into STR-196 (Looking back: One year of the Sunset Park Sun) per Terry's 7/27 email. Row kept, not deleted. Story state left unchanged.",
NYC-SP-STR-200,Unpublished,,Neighborhood News,What is being done about the rats in Sunset Park?,N/A,"Everyone complains about the rats. Fewer people know what the city actually does about them, or what a neighbor can do. Who's responsible, what's being tried here, and is any of it working?",Unclaimed,,,,Unassigned,Unassigned,,,"8/6/26 — Source: Assignment Board (abbreviated), Q1. Community-sourced question, predates the SPS Story Database. Checked against all 184 existing rows at intake; no existing row found.",
NYC-SP-STR-201,Unpublished,,Neighborhood News,Is it safe to walk in Sunset Park?,N/A,"People have strong feelings about this and the answer depends on who you ask and which corner you mean. What do the numbers say, what do residents say, and where do those two things disagree? Traffic and crime are both fair game — decide which one you mean.",Unclaimed,,,,Unassigned,Unassigned,,,"8/6/26 — Source: Assignment Board (abbreviated), Q1. Community-sourced question, predates the SPS Story Database. Checked against all 184 existing rows at intake; no existing row found.",
NYC-SP-STR-202,Unpublished,,Neighborhood News,Who regulates the mopeds and delivery bikes on our streets?,N/A,"Delivery bikes and mopeds are on every avenue and nobody's sure what the rules are. Who's supposed to enforce them, what are the rules, and what do the riders themselves say about the job? The riders are the missing voice in most coverage of this.",Unclaimed,,,,Unassigned,Unassigned,,,"8/6/26 — Source: Assignment Board (abbreviated), Q1. Community-sourced question, predates the SPS Story Database. Checked against all 184 existing rows at intake; no existing row found.",
NYC-SP-STR-203,Unpublished,,Neighborhood News,Why did that new building on 5th Avenue get approved so fast?,N/A,"A new building went up on Fifth Avenue and neighbors are asking how it cleared so quickly. What's the approval process, where did this one fit in it, and did anyone get a say? Follow one building all the way through.",Unclaimed,,,,Unassigned,Unassigned,,,"8/6/26 — Source: Assignment Board (abbreviated), Q1. Community-sourced question, predates the SPS Story Database. Checked against all 184 existing rows at intake; no existing row found.",
NYC-SP-STR-204,Unpublished,,Neighborhood Spotlight,"Who organizes the block parties, and how do they come together?",N/A,"Block parties happen every summer and someone has to make them happen. Who files the permit, who pays for it, who cooks? Find one block and follow the whole thing from January to the day itself.",Unclaimed,,,,Unassigned,Unassigned,,,"8/6/26 — Source: Assignment Board (abbreviated), Q1. Community-sourced question, predates the SPS Story Database. Checked against all 184 existing rows at intake; no existing row found.",
NYC-SP-STR-205,Unpublished,,Business Spotlight,"Where does your block shop for groceries, and how has that changed?",N/A,"Bodega, supermarket, the 8th Ave markets, the delivery app, the CSA. What people can buy and where they buy it has moved a lot in a few years. Ask your own block and see what you find.",Unclaimed,,,,Unassigned,Unassigned,,,"8/6/26 — Source: Assignment Board (abbreviated), Q1. Community-sourced question, predates the SPS Story Database. Checked against all 184 existing rows at intake; no existing row found.",
NYC-SP-STR-206,Unpublished,,Neighborhood News,How does a new park or pedestrian plaza actually get planned?,N/A,"Plazas and parks appear and people rarely know how. Who proposes them, who approves them, who maintains them afterward, and how does a neighbor get one started? Trace one that exists and one that was proposed and never happened.",Unclaimed,,,,Unassigned,Unassigned,,,"8/6/26 — Source: Assignment Board (abbreviated), Q1. Community-sourced question, predates the SPS Story Database. Checked against all 184 existing rows at intake; no existing row found.",
NYC-SP-STR-207,Unpublished,,Community Resources,What protections do long-term tenants in Sunset Park actually have?,N/A,"Rent stabilization, good cause, harassment protections — the rules are real but hard to read. What actually applies to a Sunset Park tenant, and how would you know which one you are? A plain-language explainer with real local examples.",Unclaimed,,,,Unassigned,Unassigned,,,"8/6/26 — Source: Assignment Board (abbreviated), Q1. Community-sourced question, predates the SPS Story Database. Checked against all 184 existing rows at intake; no existing row found.",
NYC-SP-STR-208,Unpublished,,Business Spotlight,How are small businesses surviving rising rents?,N/A,"Commercial rent goes up and some stores hold on while others close. Who's making it work here and how — buying the building, splitting the space, changing what they sell? Two or three owners talking honestly would carry this.",Unclaimed,,,,Unassigned,Unassigned,,,"8/6/26 — Source: Assignment Board (abbreviated), Q2. Community-sourced question, predates the SPS Story Database. Checked against all 184 existing rows at intake; no existing row found.",
NYC-SP-STR-209,Unpublished,,Business Spotlight,"Could Sunset Park support a bookstore, a movie theater, or a big grocery chain?",N/A,"People ask for all three. What would it actually take, what's stopped it so far, and does the neighborhood want them enough to fill them? Talk to business people, the BID, and residents.",Unclaimed,,,,Unassigned,Unassigned,,,"8/6/26 — Source: Assignment Board (abbreviated), Q2. Community-sourced question, predates the SPS Story Database. Checked against all 184 existing rows at intake; no existing row found.",
NYC-SP-STR-210,Unpublished,,Community Resources,Could a free store work in Sunset Park?,N/A,"A free store is exactly what it sounds like: people leave what they don't need, others take what they do. They exist in other neighborhoods. Would it work here, who would run it, and where would it go?",Unclaimed,,,,Unassigned,Unassigned,,,"8/6/26 — Source: Assignment Board (abbreviated), Q2. Community-sourced question, predates the SPS Story Database. Checked against all 184 existing rows at intake; no existing row found.",
NYC-SP-STR-211,Unpublished,,Nature,What are local businesses doing with their food waste?,N/A,"Restaurants and markets generate a lot of food waste and the city keeps changing the rules. What are Sunset Park businesses actually doing with it, and is anything being composted or redistributed? Start behind a few kitchens.",Unclaimed,,,,Unassigned,Unassigned,,,"8/6/26 — Source: Assignment Board (abbreviated), Q2. Community-sourced question, predates the SPS Story Database. Checked against all 184 existing rows at intake; no existing row found.",
NYC-SP-STR-212,Unpublished,,Community Resources,Who is hiring in Sunset Park right now?,N/A,"A practical story. Which employers here are actually taking applications, what do the jobs pay, and how does someone apply? Useful to readers on the day it prints, which is the whole point.",Unclaimed,,,,Unassigned,Unassigned,,,"8/6/26 — Source: Assignment Board (abbreviated), Q2. Community-sourced question, predates the SPS Story Database. Checked against all 184 existing rows at intake; no existing row found.",
NYC-SP-STR-213,Unpublished,,Business Spotlight,What's the story behind Moon Rise Bakery?,N/A,"A bakery worth writing about. Who started it, what are they making, and how did they end up on this block? Business profile, and the best ones spend time behind the counter.",Unclaimed,,,,Unassigned,Unassigned,,,"8/6/26 — Source: Assignment Board (abbreviated), Q2. Community-sourced question, predates the SPS Story Database. Checked against all 184 existing rows at intake; no existing row found.",
NYC-SP-STR-214,Unpublished,,Business Spotlight,How does a new restaurant find its footing in Sunset Park?,N/A,"Opening is one thing; lasting past year two is another. Follow a recently opened place and ask what surprised them about this neighborhood — the customers, the rent, the licensing, the competition.",Unclaimed,,,,Unassigned,Unassigned,,,"8/6/26 — Source: Assignment Board (abbreviated), Q2. Community-sourced question, predates the SPS Story Database. Checked against all 184 existing rows at intake; no existing row found.",
NYC-SP-STR-215,Unpublished,,Community Resources,How do you get involved in local organizing in Sunset Park?,N/A,"There are tenant groups, mutual aid networks, block associations, and community board seats, and no clear front door to any of them. Who's active, what do they need, and how does a neighbor show up? A guide readers can actually act on.",Unclaimed,,,,Unassigned,Unassigned,,,"8/6/26 — Source: Assignment Board (abbreviated), Q3. Community-sourced question, predates the SPS Story Database. Checked against all 184 existing rows at intake; no existing row found.",
NYC-SP-STR-216,Unpublished,,Neighborhood News,How many affordable apartments are actually available in Sunset Park?,N/A,"Affordable gets used a lot and means different things. How many units exist here, at what incomes, and how many are open to someone applying today? Numbers first, then the person on the waiting list.",Unclaimed,,,,Unassigned,Unassigned,,,"8/6/26 — Source: Assignment Board (abbreviated), Q3. Community-sourced question, predates the SPS Story Database. Checked against all 184 existing rows at intake; no existing row found.",
NYC-SP-STR-217,Unpublished,,Community Resources,Are there enough free programs for teens in Sunset Park?,N/A,"The library, the rec center, the schools, and nonprofits all run something. Add it up and ask teens whether it's enough, whether they know about it, and what's missing. The teens should be the reporters or at least the sources.",Unclaimed,,,,Unassigned,Unassigned,,,"8/6/26 — Source: Assignment Board (abbreviated), Q3. Community-sourced question, predates the SPS Story Database. Checked against all 184 existing rows at intake; no existing row found.",
NYC-SP-STR-218,Unpublished,,Community Resources,How do you get permission to hold an event in Sunset Park?,N/A,"Street fair, block party, park gathering, plaza concert. What permits do you need, who issues them, how long does it take, and what does it cost? A how-to piece that would get clipped and saved.",Unclaimed,,,,Unassigned,Unassigned,,,"8/6/26 — Source: Assignment Board (abbreviated), Q3. Community-sourced question, predates the SPS Story Database. Checked against all 184 existing rows at intake; no existing row found.",
NYC-SP-STR-219,Unpublished,,Neighborhood News,How has the Industry City rezoning changed things for businesses?,N/A,"Industry City has been a fight for years. What actually happened with the rezoning, and how has it landed on businesses inside the complex and on the blocks around it? Both sides of Third Avenue have opinions.",Unclaimed,,,,Unassigned,Unassigned,,,"8/6/26 — Source: Assignment Board (abbreviated), Q3. Community-sourced question, predates the SPS Story Database. Checked against all 184 existing rows at intake; no existing row found.",
NYC-SP-STR-220,Unpublished,,Neighborhood News,What's the future of the subway in Sunset Park?,N/A,"The N, R, D, and the stations along Fourth Avenue carry a lot of this neighborhood. What's planned — accessibility work, service changes, capital projects — and what do riders here say they need? Start with one station.",Unclaimed,,,,Unassigned,Unassigned,,,"8/6/26 — Source: Assignment Board (abbreviated), Q3. Community-sourced question, predates the SPS Story Database. Checked against all 184 existing rows at intake; no existing row found.",
NYC-SP-STR-221,Unpublished,,Neighborhood Spotlight,"Which buildings in Sunset Park are landmarked, and what does that protect?",N/A,"Some buildings here carry landmark status and most people can't name them. Which ones, who fought for it, and what does the designation actually prevent? A walking-tour story with a records trail behind it.",Unclaimed,,,,Unassigned,Unassigned,,,"8/6/26 — Source: Assignment Board (abbreviated), Q3. Community-sourced question, predates the SPS Story Database. Checked against all 184 existing rows at intake; no existing row found.",
NYC-SP-STR-222,Unpublished,,Neighborhood News,"Who is building new housing in Sunset Park, and who is it for?",N/A,"New buildings are going up. Who's developing them, what are the rents, and are they aimed at people who already live here? Follow the names on the permits.",Unclaimed,,,,Unassigned,Unassigned,,,"8/6/26 — Source: Assignment Board (abbreviated), Q5. Community-sourced question, predates the SPS Story Database. Checked against all 184 existing rows at intake; no existing row found.",
NYC-SP-STR-223,Unpublished,,Neighborhood News,How are tenants in Sunset Park organizing?,N/A,"Tenants in some buildings here have organized and won things. Which buildings, what did they do, and what did it take? Best told by the tenants themselves, one building at a time.",Unclaimed,,,,Unassigned,Unassigned,,,"8/6/26 — Source: Assignment Board (abbreviated), Q5. Community-sourced question, predates the SPS Story Database. Checked against all 184 existing rows at intake; no existing row found.",
NYC-SP-STR-224,Unpublished,,Nature,What are local groups doing about pollution and climate resilience?,N/A,"The waterfront, the expressway, and the industrial zone all shape what people here breathe and what floods. Who's working on it locally, what are they asking for, and what's changed? UPROSE and others have long histories worth reporting properly.",Unclaimed,,,,Unassigned,Unassigned,,,"8/6/26 — Source: Assignment Board (abbreviated), Q5. Community-sourced question, predates the SPS Story Database. Checked against all 184 existing rows at intake; no existing row found.",
NYC-SP-STR-225,Unpublished,,Neighborhood News,How are community-led safety initiatives working in Sunset Park?,N/A,"Some neighbors are building safety outside of policing — patrols, de-escalation training, mutual aid, crisis response. Who's doing it here, how does it work, and what do they say about the results?",Unclaimed,,,,Unassigned,Unassigned,,,"8/6/26 — Source: Assignment Board (abbreviated), Q5. Community-sourced question, predates the SPS Story Database. Checked against all 184 existing rows at intake; no existing row found.",
NYC-SP-STR-226,Unpublished,,Neighborhood News,What's changing in Sunset Park's public schools?,N/A,"Enrollment, programs, staffing, and buildings all shift and families find out late. What's changing in the schools here and who decided? Parents, teachers, and the community education council are the way in.",Unclaimed,,,,Unassigned,Unassigned,,,"8/6/26 — Source: Assignment Board (abbreviated), Q5. Community-sourced question, predates the SPS Story Database. Checked against all 184 existing rows at intake; no existing row found.",
NYC-SP-STR-227,Unpublished,,Neighborhood Spotlight,Which grassroots efforts in Sunset Park are actually making a difference?,N/A,"Plenty of groups do work here. Which ones have something concrete to show for it, and what did it take to get there? Pick three and be specific about outcomes, not intentions.",Unclaimed,,,,Unassigned,Unassigned,,,"8/6/26 — Source: Assignment Board (abbreviated), Q5. Community-sourced question, predates the SPS Story Database. Checked against all 184 existing rows at intake; no existing row found.",
NYC-SP-STR-228,Unpublished,,Nature,Are Sunset Park's parks and green spaces maintained equally?,N/A,"The neighborhood has the big park and it has smaller ones most people never visit. Are they kept up the same way, and if not, who decides? Walk them all and compare what you see.",Unclaimed,,,,Unassigned,Unassigned,,,"8/6/26 — Source: Assignment Board (abbreviated), Q5. Community-sourced question, predates the SPS Story Database. Checked against all 184 existing rows at intake; no existing row found.",
NYC-SP-STR-229,Unpublished,,Food,"Which restaurants have been here longest, and what's their story?",N/A,"Some places have fed this neighborhood for decades through every change around them. Which are the oldest, who runs them now, and what have they watched happen from behind the counter?",Unclaimed,,,,Unassigned,Unassigned,,,"8/6/26 — Source: Assignment Board (abbreviated), Q5. Community-sourced question, predates the SPS Story Database. Checked against all 184 existing rows at intake; no existing row found.",
NYC-SP-STR-230,Unpublished,,Arts & Culture,Who are Sunset Park's emerging artists?,N/A,"Musicians, painters, illustrators, writers, and performers are working here right now without much attention. Who are they, what are they making, and where can people see it? This could be one profile or a whole page of them.",Unclaimed,,,,Unassigned,Unassigned,,,"8/6/26 — Source: Assignment Board (abbreviated), Q5. Community-sourced question, predates the SPS Story Database. Checked against all 184 existing rows at intake; no existing row found.",
NYC-SP-STR-231,SPS: October 2025,10-2025,Fun,How do you create and share your own Alebrije?,Create Your Own Alebrije,"The back page invited readers to imagine and draw their own alebrije, opening with a short explainer on Día de los Muertos and the brightly painted mythical creatures Pedro Linares first made in the 1930s, tied to the Sunset Park High School story on page 10. It asked for a photo of the finished drawing emailed with the sender's name, age, and an optional one-line dedication to someone remembered, with selected entries to be published in a future issue.",Answered,,,Terry Parris Jr.,,,,,,